Class,id,W,H,n,|E_d|,|E_s|,|SR|,|E_d|',|E_s|',|SR|',|I_in|,|I_out|,UB0-KP,UB0-LS,UB0,LB0,UB,LB,Gap0,Gap,Opt0,Opt,Violate-Dif,Violate-Same,Value-Error,Nodes',Nodes,#OPP,#EOPP,Time-OPP,Time-EOPP,Time-UB0-KP,Time-UB0-LS,Time-LB0,Time-Red,Time
Class01,1,10,10,20,0,0,0,0,0,0,0,0,700000000000,0,700000000000,700000000000,700000000000,700000000000,0.0,0.0,1,1,0,0,0,0,0,0,0,0.0,0.0,0.0,0.0,0.0,0.0,0.0
Class01,2,10,10,20,0,0,0,0,0,0,0,0,1200000000000,1200000000000,1200000000000,1100000000000,1100000000000,1100000000000,0.08333333333333333,0.0,0,1,0,0,0,52,53,1,0,0.003,0.0,0.0,0.003,0.003,0.0,0.009
Class01,3,10,10,20,0,0,1,0,0,1,0,0,225000000000,150000000000,150000000000,100000000000,100000000000,100000000000,0.3333333333333333,0.0,0,1,0,0,0,60,63,5,0,0.001,0.0,0.0,0.001,0.0,0.0,0.003
Class01,4,10,10,20,0,0,0,0,0,0,0,0,900000000000,0,900000000000,900000000000,900000000000,900000000000,0.0,0.0,1,1,0,0,0,0,0,0,0,0.0,0.0,0.0,0.0,0.001,0.0,0.001
Class01,5,10,10,20,0,0,0,0,0,0,0,0,1000000000000,1000000000000,1000000000000,900000000000,900000000000,900000000000,0.1,0.0,0,1,0,0,0,74,75,1,1,0.01,0.003,0.0,0.0,0.001,0.0,0.011
Class01,6,10,10,20,0,0,0,0,0,0,0,0,700000000000,700000000000,700000000000,600000000000,600000000000,600000000000,0.14285714285714285,0.0,0,1,0,0,0,44,45,1,0,0.0,0.0,0.0,0.0,0.002,0.0,0.002
Class01,7,10,10,20,0,0,0,0,0,0,0,0,1000000000000,0,1000000000000,1000000000000,1000000000000,1000000000000,0.0,0.0,1,1,0,0,0,0,0,0,0,0.0,0.0,0.0,0.0,0.001,0.0,0.001
Class01,8,10,10,20,0,0,0,0,0,0,0,0,1000000000000,0,1000000000000,1000000000000,1000000000000,1000000000000,0.0,0.0,1,1,0,0,0,0,0,0,0,0.0,0.0,0.0,0.0,0.0,0.0,0.0
Class01,9,10,10,20,0,0,0,0,0,0,0,0,700000000000,0,700000000000,700000000000,700000000000,700000000000,0.0,0.0,1,1,0,0,0,0,0,0,0,0.0,0.0,0.0,0.0,0.001,0.0,0.001
Class01,10,10,10,20,0,0,0,0,0,0,0,0,900000000000,900000000000,900000000000,800000000000,900000000000,900000000000,0.1111111111111111,0.0,0,1,0,0,0,0,9,1,0,0.0,0.0,0.0,0.0,0.0,0.0,0.001
Class01,11,10,10,40,0,0,0,0,0,0,0,0,110000000000,109999999999,109999999999,100000000000,100000000000,100000000000,0.09090909090082645,0.0,0,1,0,0,0,30527,32682,2918,239,0.287,0.04,0.0,0.0,0.001,0.0,0.294
Class01,12,10,10,40,0,0,0,0,0,0,0,0,179999999998,159999999998,159999999998,100000000000,100000000000,100000000000,0.3749999999921875,0.0,0,1,0,0,0,301,333,53,0,0.0,0.0,0.0,0.0,0.001,0.0,0.001
Class01,13,10,10,40,0,0,0,0,0,0,0,0,1000000000000,0,1000000000000,1000000000000,1000000000000,1000000000000,0.0,0.0,1,1,0,0,0,0,0,0,0,0.0,0.0,0.0,0.0,0.001,0.0,0.001
Class01,14,10,10,40,0,0,0,0,0,0,0,0,1200000000000,0,1200000000000,1200000000000,1200000000000,1200000000000,0.0,0.0,1,1,0,0,0,0,0,0,0,0.0,0.0,0.0,0.0,0.0,0.0,0.0
Class01,15,10,10,40,0,0,0,0,0,0,0,0,1100000000000,0,1100000000000,1100000000000,1100000000000,1100000000000,0.0,0.0,1,1,0,0,0,0,0,0,0,0.0,0.0,0.0,0.0,0.0,0.0,0.0
Class01,16,10,10,40,0,0,0,0,0,0,0,0,1500000000000,1500000000000,1500000000000,1400000000000,1400000000000,1400000000000,0.06666666666666667,0.0,0,1,0,0,0,122,123,1,1,0.007,0.001,0.0,0.0,0.001,0.0,0.008
Class01,17,10,10,40,0,0,0,0,0,0,0,0,1400000000000,1400000000000,1400000000000,1300000000000,1400000000000,1400000000000,0.07142857142857142,0.0,0,1,0,0,0,0,14,1,0,0.0,0.0,0.0,0.001,0.001,0.0,0.002
Class01,18,10,10,40,0,0,0,0,0,0,0,0,1300000000000,1300000000000,1300000000000,1200000000000,1300000000000,1300000000000,0.07692307692307693,0.0,0,1,0,0,0,0,13,1,0,0.0,0.0,0.0,0.0,0.001,0.0,0.001
Class01,19,10,10,40,0,0,0,0,0,0,0,0,1200000000000,1100000000000,1100000000000,1100000000000,1100000000000,1100000000000,0.0,0.0,1,1,0,0,0,0,0,0,0,0.0,0.0,0.0,0.0,0.002,0.0,0.002
Class01,20,10,10,40,0,0,0,0,0,0,0,0,1400000000000,1400000000000,1400000000000,1300000000000,1400000000000,1400000000000,0.07142857142857142,0.0,0,1,0,0,0,0,14,1,0,0.0,0.0,0.0,0.0,0.001,0.0,0.001
Class01,21,10,10,60,0,0,0,0,0,0,0,0,141666666666,141666666666,141666666666,100000000000,100000000000,100000000000,0.29411764705550175,0.0,0,1,0,0,0,1407,1608,270,9,0.002,0.001,0.0,0.0,0.001,0.0,0.005
Class01,22,10,10,60,0,0,0,0,0,0,0,0,1500000000000,1500000000000,1500000000000,1400000000000,1500000000000,1500000000000,0.06666666666666667,0.0,0,1,0,0,0,0,15,1,0,0.0,0.0,0.0,0.001,0.001,0.0,0.003
Class01,23,10,10,60,0,0,0,0,0,0,0,0,1400000000000,0,1400000000000,1400000000000,1400000000000,1400000000000,0.0,0.0,1,1,0,0,0,0,0,0,0,0.0,0.0,0.0,0.0,0.002,0.0,0.003
Class01,24,10,10,60,0,0,0,0,0,0,0,0,1700000000000,1700000000000,1700000000000,1600000000000,1600000000000,1600000000000,0.058823529411764705,0.0,0,1,0,0,0,115,116,1,0,0.0,0.0,0.0,0.0,0.002,0.0,0.002
Class01,25,10,10,60,0,0,0,0,0,0,0,0,1600000000000,1600000000000,1600000000000,1500000000000,1500000000000,1500000000000,0.0625,0.0,0,1,0,0,0,162,164,2,1,0.01,0.003,0.0,0.001,0.002,0.0,0.013
Class01,26,10,10,60,0,0,0,0,0,0,0,0,1400000000000,0,1400000000000,1400000000000,1400000000000,1400000000000,0.0,0.0,1,1,0,0,0,0,0,0,0,0.0,0.0,0.0,0.0,0.002,0.0,0.002
Class01,27,10,10,60,0,0,0,0,0,0,0,0,133333333332,122222222220,122222222220,100000000000,100000000000,100000000000,0.18181818180330578,0.0,0,1,0,0,0,21351,22474,1662,19,0.013,0.002,0.0,0.0,0.002,0.0,0.02
Class01,28,10,10,60,0,0,0,0,0,0,0,0,1600000000000,1600000000000,1600000000000,1500000000000,1600000000000,1600000000000,0.0625,0.0,0,1,0,0,0,0,16,1,1,0.017,0.006,0.0,0.0,0.002,0.0,0.019
Class01,29,10,10,60,0,0,0,0,0,0,0,0,1400000000000,0,1400000000000,1400000000000,1400000000000,1400000000000,0.0,0.0,1,1,0,0,0,0,0,0,0,0.0,0.0,0.0,0.0,0.003,0.0,0.003
Class01,30,10,10,60,0,0,0,0,0,0,0,0,1100000000000,0,1100000000000,1100000000000,1100000000000,1100000000000,0.0,0.0,1,1,0,0,0,0,0,0,0,0.0,0.0,0.0,0.0,0.002,0.0,0.002
Class01,31,10,10,80,0,0,0,0,0,0,0,0,1600000000000,1600000000000,1600000000000,1500000000000,1600000000000,1600000000000,0.0625,0.0,0,1,0,0,0,0,18,2,2,0.138,0.022,0.0,0.001,0.008,0.0,0.147
Class01,32,10,10,80,0,0,0,0,0,0,0,0,1600000000000,1600000000000,1600000000000,1500000000000,1600000000000,1600000000000,0.0625,0.0,0,1,0,0,0,0,16,1,0,0.0,0.0,0.0,0.0,0.005,0.0,0.005
Class01,33,10,10,80,0,0,0,0,0,0,0,0,2100000000000,0,2100000000000,2100000000000,2100000000000,2100000000000,0.0,0.0,1,1,0,0,0,0,0,0,0,0.0,0.0,0.0,0.0,0.004,0.0,0.004
Class01,34,10,10,80,0,0,0,0,0,0,0,0,1800000000000,0,1800000000000,1800000000000,1800000000000,1800000000000,0.0,0.0,1,1,0,0,0,0,0,0,0,0.0,0.0,0.0,0.0,0.003,0.0,0.003
Class01,35,10,10,80,0,0,0,0,0,0,0,0,1700000000000,1700000000000,1700000000000,1600000000000,1700000000000,1700000000000,0.058823529411764705,0.0,0,1,0,0,0,0,17,1,0,0.0,0.0,0.0,0.001,0.004,0.0,0.005
Class01,36,10,10,80,0,0,0,0,0,0,0,0,1600000000000,1600000000000,1600000000000,1500000000000,1600000000000,1600000000000,0.0625,0.0,0,1,0,0,0,0,16,1,0,0.0,0.0,0.0,0.001,0.003,0.0,0.004
Class01,37,10,10,80,0,0,0,0,0,0,0,0,1500000000000,0,1500000000000,1500000000000,1500000000000,1500000000000,0.0,0.0,1,1,0,0,0,0,0,0,0,0.0,0.0,0.0,0.0,0.004,0.0,0.004
Class01,38,10,10,80,0,0,0,0,0,0,0,0,1700000000000,0,1700000000000,1700000000000,1700000000000,1700000000000,0.0,0.0,1,1,0,0,0,0,0,0,0,0.0,0.0,0.0,0.0,0.004,0.0,0.005
Class01,39,10,10,80,0,0,0,0,0,0,0,0,1600000000000,1600000000000,1600000000000,1500000000000,1600000000000,1600000000000,0.0625,0.0,0,1,0,0,0,0,16,1,1,0.015,0.003,0.0,0.0,0.003,0.0,0.018
Class01,40,10,10,80,0,0,0,0,0,0,0,0,1800000000000,0,1800000000000,1800000000000,1800000000000,1800000000000,0.0,0.0,1,1,0,0,0,0,0,0,0,0.0,0.0,0.0,0.0,0.003,0.0,0.003
Class01,41,10,10,100,0,0,0,0,0,0,0,0,127265771071,127265771071,127265771071,121535303079,122184859972,122184859972,0.04502756667229119,0.0,0,1,0,0,0,52532,53147,795,145,0.234,0.032,0.0,0.001,0.021,0.0,0.263
Class01,42,10,10,100,0,0,0,0,0,0,0,0,1900000000000,0,1900000000000,1900000000000,1900000000000,1900000000000,0.0,0.0,1,1,0,0,0,0,0,0,0,0.0,0.0,0.0,0.0,0.006,0.0,0.006
Class01,43,10,10,100,0,0,0,0,0,0,0,0,2200000000000,0,2200000000000,2200000000000,2200000000000,2200000000000,0.0,0.0,1,1,0,0,0,0,0,0,0,0.0,0.0,0.0,0.0,0.007,0.0,0.008
Class01,44,10,10,100,0,0,0,0,0,0,0,0,1900000000000,1900000000000,1900000000000,1800000000000,1900000000000,1900000000000,0.05263157894736842,0.0,0,1,0,0,0,0,19,1,0,0.001,0.0,0.0,0.0,0.007,0.0,0.008
Class01,45,10,10,100,0,0,0,0,0,0,0,0,1700000000000,0,1700000000000,1700000000000,1700000000000,1700000000000,0.0,0.0,1,1,0,0,0,0,0,0,0,0.0,0.0,0.0,0.0,0.005,0.0,0.006
Class01,46,10,10,100,0,0,0,0,0,0,0,0,1600000000000,0,1600000000000,1600000000000,1600000000000,1600000000000,0.0,0.0,1,1,0,0,0,0,0,0,0,0.0,0.0,0.0,0.0,0.008,0.0,0.008
Class01,47,10,10,100,0,0,0,0,0,0,0,0,2300000000000,0,2300000000000,2300000000000,2300000000000,2300000000000,0.0,0.0,1,1,0,0,0,0,0,0,0,0.0,0.0,0.0,0.0,0.005,0.0,0.005
Class01,48,10,10,100,0,0,0,0,0,0,0,0,132826747719,131762917931,131762917931,124518743665,127710233027,127710233027,0.05497885429186944,0.0,0,1,0,0,0,1394,1421,32,1,0.001,0.0,0.0,0.0,0.008,0.0,0.01
Class01,49,10,10,100,0,0,0,0,0,0,0,0,122958751160,122958751160,122958751160,117733334583,118088399760,118088399760,0.04249731334860769,0.0,0,1,0,0,0,64296,65408,1387,140,0.138,0.011,0.0,0.001,0.032,0.0,0.181
Class01,50,10,10,100,0,0,0,0,0,0,0,0,1800000000000,1800000000000,1800000000000,1700000000000,1800000000000,1800000000000,0.05555555555555555,0.0,0,1,0,0,0,0,18,1,0,0.0,0.0,0.0,0.001,0.005,0.0,0.006
Class02,1,30,30,20,0,0,0,0,0,0,0,0,2000000000000,0,2000000000000,2000000000000,2000000000000,2000000000000,0.0,0.0,1,1,0,0,0,0,0,0,0,0.0,0.0,0.002,0.0,0.0,0.0,0.002
Class02,2,30,30,20,0,0,0,0,0,0,0,0,2000000000000,0,2000000000000,2000000000000,2000000000000,2000000000000,0.0,0.0,1,1,0,0,0,0,0,0,0,0.0,0.0,0.0,0.0,0.001,0.0,0.001
Class02,3,30,30,20,0,0,0,0,0,0,0,0,2000000000000,0,2000000000000,2000000000000,2000000000000,2000000000000,0.0,0.0,1,1,0,0,0,0,0,0,0,0.0,0.0,0.0,0.0,0.001,0.0,0.001
Class02,4,30,30,20,0,0,0,0,0,0,0,0,2000000000000,0,2000000000000,2000000000000,2000000000000,2000000000000,0.0,0.0,1,1,0,0,0,0,0,0,0,0.0,0.0,0.0,0.0,0.0,0.0,0.0
Class02,5,30,30,20,0,0,0,0,0,0,0,0,2000000000000,0,2000000000000,2000000000000,2000000000000,2000000000000,0.0,0.0,1,1,0,0,0,0,0,0,0,0.0,0.0,0.0,0.0,0.0,0.0,0.0
Class02,6,30,30,20,0,0,0,0,0,0,0,0,2000000000000,0,2000000000000,2000000000000,2000000000000,2000000000000,0.0,0.0,1,1,0,0,0,0,0,0,0,0.0,0.0,0.0,0.0,0.0,0.0,0.0
Class02,7,30,30,20,0,0,0,0,0,0,0,0,2000000000000,0,2000000000000,2000000000000,2000000000000,2000000000000,0.0,0.0,1,1,0,0,0,0,0,0,0,0.0,0.0,0.0,0.0,0.0,0.0,0.0
Class02,8,30,30,20,0,0,0,0,0,0,0,0,2000000000000,0,2000000000000,2000000000000,2000000000000,2000000000000,0.0,0.0,1,1,0,0,0,0,0,0,0,0.0,0.0,0.0,0.0,0.001,0.0,0.001
Class02,9,30,30,20,0,0,0,0,0,0,0,0,2000000000000,0,2000000000000,2000000000000,2000000000000,2000000000000,0.0,0.0,1,1,0,0,0,0,0,0,0,0.0,0.0,0.0,0.0,0.001,0.0,0.001
Class02,10,30,30,20,0,0,0,0,0,0,0,0,2000000000000,0,2000000000000,2000000000000,2000000000000,2000000000000,0.0,0.0,1,1,0,0,0,0,0,0,0,0.0,0.0,0.0,0.0,0.0,0.0,0.0
Class02,11,30,30,40,0,0,0,0,0,0,0,0,4000000000000,0,4000000000000,4000000000000,4000000000000,4000000000000,0.0,0.0,1,1,0,0,0,0,0,0,0,0.0,0.0,0.0,0.0,0.003,0.0,0.003
Class02,12,30,30,40,0,0,0,0,0,0,0,0,3700000000000,3700000000000,3700000000000,3600000000000,3700000000000,3700000000000,0.02702702702702703,0.0,0,1,0,0,0,0,37,1,0,0.0,0.0,0.001,0.001,0.003,0.0,0.005
Class02,13,30,30,40,0,0,0,0,0,0,0,0,3300000000000,0,3300000000000,3300000000000,3300000000000,3300000000000,0.0,0.0,1,1,0,0,0,0,0,0,0,0.0,0.0,0.0,0.0,0.003,0.0,0.003
Class02,14,30,30,40,0,0,0,0,0,0,0,0,3600000000000,3600000000000,3600000000000,3500000000000,3600000000000,3600000000000,0.027777777777777776,0.0,0,1,0,0,0,0,36,1,0,0.011,0.0,0.001,0.0,0.002,0.0,0.014
Class02,15,30,30,40,0,0,0,0,0,0,0,0,3400000000000,3400000000000,3400000000000,3300000000000,3400000000000,3400000000000,0.029411764705882353,0.0,0,1,0,0,0,0,34,1,0,0.0,0.0,0.0,0.001,0.002,0.0,0.003
Class02,16,30,30,40,0,0,0,0,0,0,0,0,3800000000000,3800000000000,3800000000000,3700000000000,3800000000000,3800000000000,0.02631578947368421,0.0,0,1,0,0,0,0,38,1,0,0.001,0.0,0.001,0.001,0.002,0.0,0.005
Class02,17,30,30,40,0,0,0,0,0,0,0,0,3800000000000,3800000000000,3800000000000,3600000000000,3800000000000,3800000000000,0.05263157894736842,0.0,0,1,0,0,0,0,38,2,0,0.002,0.0,0.0,0.0,0.002,0.0,0.004
Class02,18,30,30,40,0,0,0,0,0,0,0,0,3200000000000,0,3200000000000,3200000000000,3200000000000,3200000000000,0.0,0.0,1,1,0,0,0,0,0,0,0,0.0,0.0,0.0,0.0,0.002,0.0,0.002
Class02,19,30,30,40,0,0,0,0,0,0,0,0,3800000000000,3800000000000,3800000000000,3700000000000,3800000000000,3800000000000,0.02631578947368421,0.0,0,1,0,0,0,0,38,1,0,0.001,0.0,0.0,0.001,0.006,0.0,0.008
Class02,20,30,30,40,0,0,0,0,0,0,0,0,3700000000000,0,3700000000000,3700000000000,3700000000000,3700000000000,0.0,0.0,1,1,0,0,0,0,0,0,0,0.0,0.0,0.0,0.0,0.002,0.0,0.002
Class02,21,30,30,60,0,0,0,0,0,0,0,0,4400000000000,4400000000000,4400000000000,4300000000000,4400000000000,4400000000000,0.022727272727272728,0.0,0,1,0,0,0,0,44,1,0,0.002,0.0,0.0,0.002,0.005,0.0,0.01
Class02,22,30,30,60,0,0,0,0,0,0,0,0,118717655039,0,118717655039,118236600528,118717655039,118717655039,0.004052089058211001,0.0,0,1,0,0,0,98,134,2,1,2.215,2.109,0.0,0.281,6.549,0.0,9.045
Class02,23,30,30,60,0,0,0,0,0,0,0,0,4400000000000,0,4400000000000,4400000000000,4400000000000,4400000000000,0.0,0.0,1,1,0,0,0,0,0,0,0,0.0,0.0,0.0,0.0,0.008,0.0,0.008
Class02,24,30,30,60,0,0,0,0,0,0,0,0,4500000000000,0,4500000000000,4500000000000,4500000000000,4500000000000,0.0,0.0,1,1,0,0,0,0,0,0,0,0.0,0.0,0.0,0.0,0.008,0.0,0.008
Class02,25,30,30,60,0,0,209,0,0,209,0,0,2976243025517,0,2976243025517,1637948083488,1637948083488,1637948083488,0.4496591610816211,0.0,0,1,0,0,0,536196996,536196996,0,0,0.0,0.0,0.0,1.123,7.427,0.0,40.358
Class02,26,30,30,60,0,0,0,0,0,0,0,0,4700000000000,4700000000000,4700000000000,4600000000000,4700000000000,4700000000000,0.02127659574468085,0.0,0,1,0,0,0,0,47,1,0,0.003,0.0,0.0,0.002,0.012,0.0,0.017
Class02,27,30,30,60,0,0,0,0,0,0,0,0,5100000000000,0,5100000000000,5100000000000,5100000000000,5100000000000,0.0,0.0,1,1,0,0,0,0,0,0,0,0.0,0.0,0.0,0.0,0.006,0.0,0.006
Class02,28,30,30,60,0,0,0,0,0,0,0,0,4400000000000,0,4400000000000,4400000000000,4400000000000,4400000000000,0.0,0.0,1,1,0,0,0,0,0,0,0,0.0,0.0,0.0,0.0,0.006,0.0,0.006
Class02,29,30,30,60,0,0,283,0,0,283,0,0,3307271839287,0,3307271839287,1569780449884,1859362348117,1569780449884,0.5253548767184429,0.1557425848309036,0,0,0,0,0,33861971102,33861971142,0,0,0.0,0.0,0.001,0.918,7.667,0.0,1800.0
Class02,30,30,30,60,0,0,0,0,0,0,0,0,4100000000000,4100000000000,4100000000000,4000000000000,4100000000000,4100000000000,0.024390243902439025,0.0,0,1,0,0,0,0,41,1,0,0.004,0.0,0.0,0.002,0.012,0.0,0.018
Class02,31,30,30,80,0,0,0,0,0,0,0,0,5400000000000,5400000000000,5400000000000,5300000000000,5400000000000,5400000000000,0.018518518518518517,0.0,0,1,0,0,0,0,54,1,0,0.0,0.0,0.001,0.004,0.034,0.0,0.039
Class02,32,30,30,80,0,0,211,0,0,211,0,0,1572052914357,0,1572052914357,762490836490,764876804007,764876804007,0.5149712649450648,0.0,0,1,0,0,0,1541868453,1541868453,3,0,0.001,0.0,0.0,0.697,7.044,0.0,91.984
Class02,33,30,30,80,0,0,0,0,0,0,0,0,5600000000000,0,5600000000000,5600000000000,5600000000000,5600000000000,0.0,0.0,1,1,0,0,0,0,0,0,0,0.0,0.0,0.0,0.0,0.019,0.0,0.019
Class02,34,30,30,80,0,0,45,0,0,45,0,0,2397403846145,1295288461536,1295288461536,1295288461536,1295288461536,1295288461536,0.0,0.0,1,1,0,0,0,0,0,0,0,0.0,0.0,0.0,0.529,1.668,0.0,2.197
Class02,35,30,30,80,0,0,230,0,0,230,0,0,1022933961642,0,1022933961642,612522356329,616933864228,616933864228,0.401210264496657,0.0,0,1,0,0,0,140606952,140606952,3,0,0.048,0.0,0.0,0.876,7.836,0.0,16.36
Class02,36,30,30,80,0,0,214,0,0,214,0,0,763678409166,0,763678409166,407629262220,413125799711,413125799711,0.46622916488477806,0.0,0,1,0,0,0,73974550,73974550,5,5,330.766,330.699,0.001,0.758,7.449,0.0,343.723
Class02,37,30,30,80,0,0,277,0,0,277,0,0,1352547708965,0,1352547708965,644760208297,762724791740,644760208297,0.5232994710475795,0.1546620546762195,0,0,0,0,0,121862115,121862188,1,1,1783.241,1783.186,0.0,0.967,7.866,0.0,1800.0
Class02,38,30,30,80,0,0,282,0,0,282,0,0,4187641628611,0,4187641628611,2095230921078,2095230921078,2095230921078,0.49966326947299744,0.0,0,1,0,0,0,18289288415,18289288415,0,0,0.0,0.0,0.0,0.921,7.437,0.0,1378.028
Class02,39,30,30,80,0,0,0,0,0,0,0,0,4900000000000,0,4900000000000,4900000000000,4900000000000,4900000000000,0.0,0.0,1,1,0,0,0,0,0,0,0,0.0,0.0,0.002,0.0,0.186,0.0,0.188
Class02,40,30,30,80,0,0,157,0,0,157,0,0,543972337737,0,543972337737,402241286786,425863128607,402241286786,0.2605482689443745,0.05546815451778401,0,0,0,0,0,25703999,25704034,1,1,1788.466,1788.441,0.002,1.365,8.591,0.0,1800.0
Class02,41,30,30,100,0,0,0,0,0,0,0,0,6300000000000,0,6300000000000,6300000000000,6300000000000,6300000000000,0.0,0.0,1,1,0,0,0,0,0,0,0,0.0,0.0,0.0,0.0,0.043,0.0,0.043
Class02,42,30,30,100,0,0,170,0,0,170,0,0,2199221556120,0,2199221556120,1211225945824,1217657787683,1217657787683,0.44924787479760875,0.0,0,1,0,0,0,3231102,3231102,3,1,0.546,0.525,0.001,0.816,7.707,0.0,9.267
Class02,43,30,30,100,0,0,0,0,0,0,0,0,121264677944,0,121264677944,120695070684,121264677944,121264677944,0.004697223211717468,0.0,0,1,0,0,0,264,307,3,0,0.229,0.0,0.0,0.353,7.116,0.0,7.698
Class02,44,30,30,100,0,0,0,0,0,0,0,0,6100000000000,6100000000000,6100000000000,6000000000000,6100000000000,6100000000000,0.01639344262295082,0.0,0,1,0,0,0,0,61,1,0,0.007,0.0,0.0,0.005,0.054,0.0,0.066
Class02,45,30,30,100,0,0,183,0,0,183,0,0,2620164747958,0,2620164747958,2151852938021,2152267583667,2152267583667,0.1787337266872147,0.0,0,1,0,0,0,1005307,1005307,1,0,0.0,0.0,0.001,0.976,13.402,0.0,14.435
Class02,46,30,30,100,0,0,141,0,0,141,0,0,2625755880259,0,2625755880259,1617817718613,1785807412219,1617817718613,0.38386590666097214,0.09406932262491853,0,0,0,0,0,3329634,3329689,1,1,1789.733,1789.704,0.0,1.294,8.807,0.0,1800.0
Class02,47,30,30,100,0,0,0,0,0,0,0,0,6800000000000,6800000000000,6800000000000,6700000000000,6800000000000,6800000000000,0.014705882352941176,0.0,0,1,0,0,0,0,68,1,0,0.0,0.0,0.0,0.004,0.037,0.0,0.041
Class02,48,30,30,100,0,0,254,0,0,254,0,0,3851776297280,0,3851776297280,3109027158146,3120907338847,3120907338847,0.19283288587099554,0.0,0,1,0,0,0,2986554,2986554,5,0,0.018,0.0,0.0,1.587,8.255,0.0,10.063
Class02,49,30,30,100,0,0,0,0,0,0,0,0,6400000000000,6400000000000,6400000000000,6300000000000,6400000000000,6400000000000,0.015625,0.0,0,1,0,0,0,0,64,1,0,0.0,0.0,0.001,0.003,0.037,0.0,0.041
Class02,50,30,30,100,0,0,103,0,0,103,0,0,2046530226513,1256645054770,1256645054770,1241088600362,1256645054770,1241088600362,0.012379354336334258,0.012379354336334258,0,0,0,0,0,9793,9839,1,1,1796.656,1796.643,0.0,0.724,2.619,0.0,1800.0
Class03,1,40,40,20,0,0,0,0,0,0,0,0,1000000000000,1000000000000,1000000000000,900000000000,900000000000,900000000000,0.1,0.0,0,1,0,0,0,76,80,4,2,0.004,0.001,0.0,0.0,0.001,0.0,0.005
Class03,2,40,40,20,0,0,0,0,0,0,0,0,141379310341,134482758616,134482758616,106206896548,110344827581,110344827581,0.21025641025656278,0.0,0,1,0,0,0,5294,6114,977,184,0.19,0.073,0.0,0.0,0.001,0.0,0.192
Class03,3,40,40,20,0,0,0,0,0,0,0,0,150617283949,123456790121,123456790121,101234567899,107407407405,107407407405,0.180000000001782,0.0,0,1,0,0,0,1068,1184,190,0,0.0,0.0,0.0,0.0,0.0,0.0,0.001
Class03,4,40,40,20,0,0,17,0,0,17,0,0,208643815196,177794336808,177794336808,154545454543,158569299550,158569299550,0.13076278290070878,0.0,0,1,0,0,0,22883,22971,482,7,0.011,0.003,0.0,0.001,0.009,0.0,0.022
Class03,5,40,40,20,0,0,0,0,0,0,0,0,1300000000000,1300000000000,1300000000000,1200000000000,1200000000000,1200000000000,0.07692307692307693,0.0,0,1,0,0,0,119,120,1,0,0.0,0.0,0.0,0.0,0.001,0.0,0.001
Class03,6,40,40,20,0,0,0,0,0,0,0,0,200000000000,175000000000,175000000000,125000000000,125000000000,125000000000,0.2857142857142857,0.0,0,1,0,0,0,102,113,16,0,0.0,0.0,0.0,0.0,0.0,0.0,0.0
Class03,7,40,40,20,0,0,0,0,0,0,0,0,1400000000000,1400000000000,1400000000000,1300000000000,1300000000000,1300000000000,0.07142857142857142,0.0,0,1,0,0,0,47,48,1,1,0.012,0.006,0.0,0.0,0.0,0.0,0.012
Class03,8,40,40,20,0,0,0,0,0,0,0,0,1300000000000,1300000000000,1300000000000,1200000000000,1300000000000,1300000000000,0.07692307692307693,0.0,0,1,0,0,0,0,13,1,0,0.002,0.0,0.0,0.0,0.001,0.0,0.003
Class03,9,40,40,20,0,0,0,0,0,0,0,0,1000000000000,1000000000000,1000000000000,900000000000,900000000000,900000000000,0.1,0.0,0,1,0,0,0,164,170,6,3,0.006,0.002,0.0,0.0,0.0,0.0,0.006
Class03,10,40,40,20,0,0,0,0,0,0,0,0,1100000000000,1100000000000,1100000000000,1000000000000,1100000000000,1100000000000,0.09090909090909091,0.0,0,1,0,0,0,0,11,1,0,0.001,0.0,0.0,0.0,0.0,0.0,0.001
Class03,11,40,40,40,0,0,28,0,0,28,0,0,174015288052,144288976778,144288976778,137267328248,137267328248,137267328248,0.04866379044882522,0.0,0,1,0,0,0,289302,292236,3765,17,0.109,0.032,0.0,0.006,0.749,0.0,0.896
Class03,12,40,40,40,0,0,0,0,0,0,0,0,168791500660,163904382465,163904382465,147065073037,153519256303,153519256303,0.10273861610500776,0.0,0,1,0,0,0,6889,7070,310,44,0.105,0.032,0.0,0.001,0.003,0.0,0.11
Class03,13,40,40,40,0,0,0,0,0,0,0,0,1500000000000,1500000000000,1500000000000,1300000000000,1500000000000,1500000000000,0.13333333333333333,0.0,0,1,0,0,0,0,15,2,0,0.003,0.0,0.0,0.0,0.001,0.0,0.004
Class03,14,40,40,40,0,0,0,0,0,0,0,0,1700000000000,1700000000000,1700000000000,1600000000000,1600000000000,1600000000000,0.058823529411764705,0.0,0,1,0,0,0,636,641,5,5,5.833,5.797,0.0,0.0,0.001,0.0,5.834
Class03,15,40,40,40,0,0,0,0,0,0,0,0,1500000000000,1500000000000,1500000000000,1400000000000,1500000000000,1500000000000,0.06666666666666667,0.0,0,1,0,0,0,0,15,1,0,0.0,0.0,0.0,0.0,0.001,0.0,0.001
Class03,16,40,40,40,0,0,0,0,0,0,0,0,2100000000000,2100000000000,2100000000000,1900000000000,2000000000000,2000000000000,0.09523809523809523,0.0,0,1,0,0,0,204,205,2,1,94.655,94.639,0.0,0.001,0.001,0.0,94.657
Class03,17,40,40,40,0,0,0,0,0,0,0,0,2000000000000,2000000000000,2000000000000,1800000000000,2000000000000,2000000000000,0.1,0.0,0,1,0,0,0,0,20,2,1,0.319,0.3,0.0,0.0,0.004,0.0,0.323
Class03,18,40,40,40,0,0,0,0,0,0,0,0,1600000000000,1600000000000,1600000000000,1500000000000,1600000000000,1600000000000,0.0625,0.0,0,1,0,0,0,0,18,2,1,0.009,0.005,0.0,0.0,0.001,0.0,0.01
Class03,19,40,40,40,1,4,21,1,4,21,0,0,176725862543,118174263638,118174263638,100116955463,100227755376,100227755376,0.15280237523048554,0.0,0,1,0,0,0,266262,295371,35759,512,0.479,0.104,0.001,0.002,0.008,0.0,0.504
Class03,20,40,40,40,0,0,0,0,0,0,0,0,129895076673,125682001612,125682001612,99999999997,101610976591,101610976591,0.20434112510623723,0.0,0,1,0,0,0,53938,64878,11818,67,0.065,0.005,0.0,0.0,0.0,0.0,0.066
Class03,21,40,40,60,0,0,0,0,0,0,0,0,533333333333,533333333333,533333333333,466666666666,500000000000,500000000000,0.12500000000070313,0.0,0,1,0,0,0,1838,1877,54,0,0.0,0.0,0.001,0.0,0.001,0.0,0.003
Class03,22,40,40,60,0,0,0,0,0,0,0,0,142243436754,127088305488,127088305488,100000000000,101312649164,101312649164,0.21314553989830123,0.0,0,1,0,0,0,235866,262591,33557,25,0.094,0.001,0.0,0.0,0.003,0.0,0.109
Class03,23,40,40,60,0,0,0,0,0,0,0,0,136752136752,122222222220,122222222220,99999999999,103418803417,103418803417,0.1818181818114876,0.0,0,1,0,0,0,62699,67597,6939,0,0.01,0.0,0.0,0.0,0.004,0.0,0.019
Class03,24,40,40,60,0,0,26,0,0,26,0,0,222023358104,207093381868,207093381868,193968350269,197097932147,197097932147,0.06337735895088048,0.0,0,1,0,0,0,19155,19605,860,3,0.057,0.034,0.0,0.001,0.02,0.0,0.081
Class03,25,40,40,60,0,5,16,0,5,16,0,0,364346390748,178658561127,178658561127,155867788553,164378598165,164378598165,0.1275660815257496,0.0,0,1,0,0,0,68030,69638,2407,150,1.502,0.824,0.0,0.001,0.071,0.0,1.58
Class03,26,40,40,60,0,2,15,0,2,15,0,0,200083533673,124308824296,124308824296,116204078302,116204078302,116204078302,0.06519847677668683,0.0,0,1,0,0,0,1458933,1493717,40803,101,0.273,0.036,0.0,0.001,0.169,0.0,0.488
Class03,27,40,40,60,0,0,30,0,0,30,0,0,298584306092,258774141683,258774141683,246551629365,246551629365,246551629365,0.047232355746628873,0.0,0,1,0,0,0,81147,83867,3240,117,0.313,0.068,0.0,0.001,0.02,0.0,0.344
Class03,28,40,40,60,0,0,0,0,0,0,0,0,2100000000000,2100000000000,2100000000000,1800000000000,2100000000000,2100000000000,0.14285714285714285,0.0,0,1,0,0,0,0,21,2,1,410.164,410.139,0.0,0.0,0.003,0.0,410.167
Class03,29,40,40,60,0,0,0,0,0,0,0,0,2100000000000,2100000000000,2100000000000,1900000000000,2100000000000,2100000000000,0.09523809523809523,0.0,0,1,0,0,0,0,21,2,0,0.001,0.0,0.002,0.001,0.004,0.0,0.008
Class03,30,40,40,60,0,0,0,0,0,0,0,0,600000000000,600000000000,600000000000,500000000000,500000000000,500000000000,0.16666666666666666,0.0,0,1,0,0,0,1216,1300,84,0,0.001,0.0,0.001,0.0,0.0,0.0,0.002
Class03,31,40,40,80,0,0,0,0,0,0,0,0,183306329979,179685318431,179685318431,159162772769,160980397176,160980397176,0.11421381469115827,0.0,0,1,0,0,0,4169265,4329848,200965,30,1.423,0.024,0.001,0.0,0.045,0.0,1.604
Class03,32,40,40,80,0,0,0,0,0,0,0,0,866666666666,866666666666,866666666666,700000000000,800000000000,800000000000,0.192307692307071,0.0,0,1,0,0,0,10731,11061,419,42,0.06,0.011,0.0,0.001,0.004,0.0,0.067
Class03,33,40,40,80,0,0,0,0,0,0,0,0,3000000000000,3000000000000,3000000000000,2700000000000,3000000000000,3000000000000,0.1,0.0,0,1,0,0,0,0,30,2,0,0.034,0.0,0.0,0.0,0.004,0.0,0.039
Class03,34,40,40,80,0,0,0,0,0,0,0,0,149950738913,148669950735,148669950735,131133004921,133891625610,133891625610,0.11795891319866725,0.0,0,1,0,0,0,3562114,3677415,150426,369,5.803,3.728,0.0,0.0,0.105,0.0,6.033
Class03,35,40,40,80,0,0,0,0,0,0,0,0,130183727033,122900262465,122900262465,99999999999,101312335954,101312335954,0.18633208755369113,0.0,0,1,0,0,0,253611,302652,51567,44,0.12,0.006,0.0,0.002,0.002,0.0,0.133
Class03,36,40,40,80,0,0,0,0,0,0,0,0,2400000000000,2400000000000,2400000000000,2000000000000,2400000000000,2400000000000,0.16666666666666666,0.0,0,1,0,0,0,0,24,2,0,0.018,0.0,0.0,0.001,0.006,0.0,0.025
Class03,37,40,40,80,0,0,0,0,0,0,0,0,2100000000000,2100000000000,2100000000000,2000000000000,2100000000000,2100000000000,0.047619047619047616,0.0,0,1,0,0,0,0,21,1,1,1335.401,1335.383,0.001,0.0,0.005,0.0,1335.407
Class03,38,40,40,80,0,0,0,0,0,0,0,0,2500000000000,2500000000000,2500000000000,2300000000000,2500000000000,2500000000000,0.08,0.0,0,1,0,0,0,0,25,2,1,549.353,549.319,0.0,0.001,0.008,0.0,549.362
Class03,39,40,40,80,0,0,0,0,0,0,0,0,174526735297,171570906668,171570906668,158751245427,161109266017,161109266017,0.07471931861855119,0.0,0,1,0,0,0,40810,41497,1209,55,0.399,0.102,0.0,0.002,0.025,0.0,0.429
Class03,40,40,40,80,0,0,0,0,0,0,0,0,2700000000000,2700000000000,2700000000000,2500000000000,2700000000000,2700000000000,0.07407407407407407,0.0,0,1,0,0,0,0,27,2,1,0.089,0.04,0.0,0.002,0.018,0.0,0.11
Class03,41,40,40,100,0,0,0,0,0,0,0,0,192443107953,191806094412,191806094412,184378435008,185055716989,185055716989,0.03872483523930876,0.0,0,1,0,0,0,850019,857129,10304,544,0.732,0.199,0.0,0.0,0.056,0.0,0.826
Class03,42,40,40,100,0,0,19,0,0,19,0,0,125416086660,122340419950,122340419950,115225678953,116020132919,116020132919,0.05815527688974555,0.0,0,1,0,0,0,239392,241793,3083,6,0.018,0.002,0.0,0.001,0.124,0.0,0.15
Class03,43,40,40,100,0,0,0,0,0,0,0,0,131087154720,122215617121,122215617121,99999999999,100887682520,100887682520,0.18177396346986777,0.0,0,1,0,0,0,23463431,28481562,5144043,42815,51.868,10.6,0.0,0.001,0.017,0.0,52.747
Class03,44,40,40,100,0,0,0,0,0,0,0,0,120534067770,120359021248,120359021248,115149586330,117119384729,117119384729,0.04328246328346214,0.0,0,1,0,0,0,220360,221728,2206,358,1.083,0.393,0.002,0.0,0.173,0.0,1.269
Class03,45,40,40,100,0,0,25,0,0,25,0,0,157991850558,157772907974,157772907974,149369916101,149369916101,149369916101,0.05326004306382412,0.0,0,1,0,0,0,1254851,1270338,17702,395,1.094,0.286,0.001,0.0,0.075,0.0,1.204
Class03,46,40,40,100,0,0,0,0,0,0,0,0,700000000000,700000000000,700000000000,600000000000,666666666666,666666666666,0.14285714285714285,0.0,0,1,0,0,0,9111,9786,728,5,0.006,0.001,0.0,0.001,0.003,0.0,0.011
Class03,47,40,40,100,0,3,27,0,3,27,0,0,263133197773,157922231517,157922231517,152194447758,154298263091,154298263091,0.036269648066513144,0.0,0,1,0,0,0,81364,82215,1459,55,0.807,0.224,0.0,0.004,0.553,0.0,1.37
Class03,48,40,40,100,0,0,0,0,0,0,0,0,666666666666,666666666666,666666666666,624999999999,641666666666,641666666666,0.0625000000005625,0.0,0,1,0,0,0,10981,11320,801,61,0.052,0.009,0.0,0.001,0.005,0.0,0.058
Class03,49,40,40,100,0,0,0,0,0,0,0,0,192735241379,185622108590,185622108590,170415255543,172370896689,172370896689,0.08192371675180526,0.0,0,1,0,0,0,270325,278445,9543,1093,6.867,1.398,0.0,0.0,0.04,0.0,6.927
Class03,50,40,40,100,0,0,0,0,0,0,0,0,2800000000000,2800000000000,2800000000000,2500000000000,2800000000000,2700000000000,0.10714285714285714,0.03571428571428571,0,0,0,0,0,0,29,2,1,1799.977,1799.92,0.0,0.002,0.021,0.0,1800.0
Class04,1,100,100,20,0,0,0,0,0,0,0,0,2000000000000,0,2000000000000,2000000000000,2000000000000,2000000000000,0.0,0.0,1,1,0,0,0,0,0,0,0,0.0,0.0,0.0,0.0,0.0,0.0,0.0
Class04,2,100,100,20,0,0,0,0,0,0,0,0,2000000000000,0,2000000000000,2000000000000,2000000000000,2000000000000,0.0,0.0,1,1,0,0,0,0,0,0,0,0.0,0.0,0.001,0.0,0.0,0.0,0.001
Class04,3,100,100,20,0,0,0,0,0,0,0,0,2000000000000,0,2000000000000,2000000000000,2000000000000,2000000000000,0.0,0.0,1,1,0,0,0,0,0,0,0,0.0,0.0,0.002,0.0,0.0,0.0,0.002
Class04,4,100,100,20,0,0,0,0,0,0,0,0,2000000000000,0,2000000000000,2000000000000,2000000000000,2000000000000,0.0,0.0,1,1,0,0,0,0,0,0,0,0.0,0.0,0.001,0.0,0.0,0.0,0.001
Class04,5,100,100,20,0,0,0,0,0,0,0,0,2000000000000,0,2000000000000,2000000000000,2000000000000,2000000000000,0.0,0.0,1,1,0,0,0,0,0,0,0,0.0,0.0,0.001,0.0,0.001,0.0,0.002
Class04,6,100,100,20,0,0,0,0,0,0,0,0,2000000000000,0,2000000000000,2000000000000,2000000000000,2000000000000,0.0,0.0,1,1,0,0,0,0,0,0,0,0.0,0.0,0.0,0.0,0.0,0.0,0.0
Class04,7,100,100,20,0,0,0,0,0,0,0,0,2000000000000,0,2000000000000,2000000000000,2000000000000,2000000000000,0.0,0.0,1,1,0,0,0,0,0,0,0,0.0,0.0,0.002,0.0,0.0,0.0,0.002
Class04,8,100,100,20,0,0,0,0,0,0,0,0,2000000000000,0,2000000000000,2000000000000,2000000000000,2000000000000,0.0,0.0,1,1,0,0,0,0,0,0,0,0.0,0.0,0.002,0.0,0.0,0.0,0.002
Class04,9,100,100,20,0,0,0,0,0,0,0,0,2000000000000,0,2000000000000,2000000000000,2000000000000,2000000000000,0.0,0.0,1,1,0,0,0,0,0,0,0,0.0,0.0,0.0,0.0,0.001,0.0,0.001
Class04,10,100,100,20,0,0,0,0,0,0,0,0,2000000000000,0,2000000000000,2000000000000,2000000000000,2000000000000,0.0,0.0,1,1,0,0,0,0,0,0,0,0.0,0.0,0.0,0.0,0.0,0.0,0.0
Class04,11,100,100,40,0,0,0,0,0,0,0,0,4000000000000,0,4000000000000,4000000000000,4000000000000,4000000000000,0.0,0.0,1,1,0,0,0,0,0,0,0,0.0,0.0,0.0,0.0,0.006,0.0,0.006
Class04,12,100,100,40,0,0,0,0,0,0,0,0,3800000000000,3800000000000,3800000000000,3700000000000,3800000000000,3800000000000,0.02631578947368421,0.0,0,1,0,0,0,0,38,1,0,0.072,0.0,0.001,0.01,0.005,0.0,0.089
Class04,13,100,100,40,0,0,0,0,0,0,0,0,3500000000000,3500000000000,3500000000000,3400000000000,3500000000000,3400000000000,0.02857142857142857,0.02857142857142857,0,0,0,0,0,0,36,1,1,1799.994,1799.806,0.0,0.002,0.004,0.0,1800.0
Class04,14,100,100,40,0,0,0,0,0,0,0,0,3600000000000,0,3600000000000,3600000000000,3600000000000,3600000000000,0.0,0.0,1,1,0,0,0,0,0,0,0,0.0,0.0,0.001,0.0,0.003,0.0,0.004
Class04,15,100,100,40,0,0,0,0,0,0,0,0,3400000000000,3400000000000,3400000000000,3300000000000,3400000000000,3400000000000,0.029411764705882353,0.0,0,1,0,0,0,0,34,1,0,0.001,0.0,0.001,0.0,0.003,0.0,0.005
Class04,16,100,100,40,0,0,0,0,0,0,0,0,3800000000000,3800000000000,3800000000000,3700000000000,3800000000000,3800000000000,0.02631578947368421,0.0,0,1,0,0,0,0,38,1,0,0.0,0.0,0.0,0.003,0.004,0.0,0.007
Class04,17,100,100,40,0,0,0,0,0,0,0,0,3800000000000,3800000000000,3800000000000,3700000000000,3800000000000,3800000000000,0.02631578947368421,0.0,0,1,0,0,0,0,38,1,0,0.001,0.0,0.001,0.0,0.003,0.0,0.005
Class04,18,100,100,40,0,0,0,0,0,0,0,0,3300000000000,3300000000000,3300000000000,3200000000000,3300000000000,3200000000000,0.030303030303030304,0.030303030303030304,0,0,0,0,0,0,34,1,1,1799.996,1799.886,0.0,0.002,0.003,0.0,1800.001
Class04,19,100,100,40,0,0,0,0,0,0,0,0,3900000000000,3900000000000,3900000000000,3800000000000,3900000000000,3800000000000,0.02564102564102564,0.02564102564102564,0,0,0,0,0,0,40,1,1,1799.993,1799.848,0.0,0.001,0.008,0.0,1800.002
Class04,20,100,100,40,0,0,0,0,0,0,0,0,3800000000000,3800000000000,3800000000000,3700000000000,3800000000000,3800000000000,0.02631578947368421,0.0,0,1,0,0,0,0,38,1,0,0.003,0.0,0.0,0.0,0.005,0.0,0.008
Class04,21,100,100,60,0,0,0,0,0,0,0,0,4500000000000,4500000000000,4500000000000,4400000000000,4500000000000,4500000000000,0.022222222222222223,0.0,0,1,0,0,0,0,45,1,0,0.002,0.0,0.001,0.001,0.02,0.0,0.024
Class04,22,100,100,60,0,0,189,0,0,189,0,0,3692633083973,0,3692633083973,1849425196959,2156626511458,1849425196959,0.4991581468015351,0.1424453018948166,0,0,0,0,0,36800117127,36800117166,0,0,0.0,0.0,0.001,0.711,7.502,0.0,1800.0
Class04,23,100,100,60,0,0,0,0,0,0,0,0,110305876202,0,110305876202,107432721662,110305876202,107432721662,0.026047157585136028,0.026047157585136028,0,0,0,0,0,25,59,1,1,1790.935,1790.833,0.016,0.344,8.705,0.0,1800.0
Class04,24,100,100,60,0,0,0,0,0,0,0,0,112679814434,0,112679814434,110077118675,112679814434,110077118675,0.023098154466028857,0.023098154466028857,0,0,0,0,0,0,40,1,1,1791.308,1791.211,0.001,0.261,8.43,0.0,1800.0
Class04,25,100,100,60,0,0,0,0,0,0,0,0,4900000000000,4900000000000,4900000000000,4800000000000,4900000000000,4900000000000,0.02040816326530612,0.0,0,1,0,0,0,0,49,1,0,0.004,0.0,0.0,0.004,0.06,0.0,0.068
Class04,26,100,100,60,0,0,0,0,0,0,0,0,4800000000000,4800000000000,4800000000000,4700000000000,4800000000000,4800000000000,0.020833333333333332,0.0,0,1,0,0,0,0,48,1,0,0.005,0.0,0.0,0.002,0.05,0.0,0.057
Class04,27,100,100,60,0,0,0,0,0,0,0,0,5200000000000,0,5200000000000,5200000000000,5200000000000,5200000000000,0.0,0.0,1,1,0,0,0,0,0,0,0,0.0,0.0,0.001,0.0,0.03,0.0,0.031
Class04,28,100,100,60,0,0,0,0,0,0,0,0,4500000000000,4500000000000,4500000000000,4400000000000,4500000000000,4500000000000,0.022222222222222223,0.0,0,1,0,0,0,0,45,1,0,0.0,0.0,0.0,0.002,0.033,0.0,0.036
Class04,29,100,100,60,0,0,321,0,0,321,0,0,1286940590749,0,1286940590749,585885574853,936413082799,585885574853,0.5447454380842752,0.3743299985709836,0,0,0,0,0,27698932646,27698932699,0,0,0.0,0.0,0.001,1.028,8.829,0.0,1800.0
Class04,30,100,100,60,0,0,0,0,0,0,0,0,4100000000000,4100000000000,4100000000000,4000000000000,4100000000000,4100000000000,0.024390243902439025,0.0,0,1,0,0,0,0,41,1,0,0.045,0.0,0.016,0.035,0.167,0.0,0.263
Class04,31,100,100,80,0,0,0,0,0,0,0,0,5600000000000,5600000000000,5600000000000,5500000000000,5600000000000,5600000000000,0.017857142857142856,0.0,0,1,0,0,0,0,56,1,0,0.004,0.0,0.001,0.069,0.449,0.0,0.523
Class04,32,100,100,80,0,0,146,0,0,146,0,0,419691561326,0,419691561326,260811067662,287291149936,260811067662,0.3785648993323167,0.09217159066646843,0,0,0,0,0,4191173,4191205,1,1,1791.883,1791.873,0.001,1.599,6.248,0.0,1800.0
Class04,33,100,100,80,0,0,0,0,0,0,0,0,5800000000000,5800000000000,5800000000000,5700000000000,5800000000000,5800000000000,0.017241379310344827,0.0,0,1,0,0,0,0,58,1,0,0.006,0.0,0.001,0.012,0.123,0.0,0.142
Class04,34,100,100,80,0,0,160,0,0,160,0,0,402852141037,0,402852141037,266696126185,289388795322,266696126185,0.3379801197072321,0.07841585266544303,0,0,0,0,0,105766405,105766443,1,1,1784.576,1784.567,0.001,0.891,7.989,0.0,1800.0
Class04,35,100,100,80,0,0,154,0,0,154,0,0,452344739751,0,452344739751,279429741757,308248908086,279429741757,0.38226375328070283,0.09349316598701328,0,0,0,0,0,3343696,3343727,1,1,1790.413,1790.386,0.03,1.024,8.29,0.0,1800.0
Class04,36,100,100,80,0,0,192,0,0,192,0,0,415939885432,0,415939885432,265971187092,290965970147,265971187092,0.3605537809489964,0.08590277083733294,0,0,0,0,0,15543331,15543371,1,1,1789.963,1789.952,0.001,0.998,8.031,0.0,1800.0
Class04,37,100,100,80,0,0,249,0,0,249,0,0,2923005408909,0,2923005408909,1344461417164,1344461417164,1344461417164,0.540041420017141,0.0,0,1,0,0,0,231136687,231136687,0,0,0.0,0.0,0.001,0.984,8.036,0.0,23.642
Class04,38,100,100,80,0,0,308,0,0,308,0,0,3957909423134,0,3957909423134,1775759540140,2503142834470,1775759540140,0.55133901504651,0.29058800972658505,0,0,0,0,0,25802484990,25802485027,0,0,0.0,0.0,0.002,0.883,7.646,0.0,1800.0
Class04,39,100,100,80,0,0,0,0,0,0,0,0,120622188984,0,120622188984,117049205584,120622188984,117049205584,0.02962127805916323,0.02962127805916323,0,0,0,0,0,26,91,1,1,1791.206,1791.083,0.024,0.412,8.358,0.0,1800.001
Class04,40,100,100,80,0,0,103,0,0,103,0,0,340358464324,264901144167,264901144167,257806794802,264901144167,257806794802,0.026781120131846442,0.026781120131846442,0,0,0,0,0,257314,257351,1,1,1786.554,1786.534,0.001,2.02,11.342,0.0,1800.0
Class04,41,100,100,100,0,0,0,0,0,0,0,0,154230822088,0,154230822088,151812966938,154230822088,151812966938,0.015676860936528213,0.015676860936528213,0,0,0,0,0,20,62,1,1,1792.224,1792.176,0.0,0.207,7.569,0.0,1800.0
Class04,42,100,100,100,0,0,215,0,0,215,0,0,2864354066264,0,2864354066264,2184019742008,2297408796049,2184019742008,0.23751753746818233,0.049355192787632035,0,0,0,0,0,12144064,12144133,1,1,1791.617,1791.254,0.001,0.743,7.021,0.0,1800.0
Class04,43,100,100,100,0,0,205,0,0,205,0,0,1515775192109,0,1515775192109,849087993201,849087993201,849087993201,0.43983250443648786,0.0,0,1,0,0,0,70546041,70546041,0,0,0.0,0.0,0.001,1.047,8.632,0.0,14.081
Class04,44,100,100,100,0,0,0,0,0,0,0,0,6400000000000,6400000000000,6400000000000,6300000000000,6400000000000,6400000000000,0.015625,0.0,0,1,0,0,0,0,64,1,0,0.002,0.0,0.001,0.061,1.053,0.0,1.117
Class04,45,100,100,100,0,0,140,0,0,140,0,0,863322563921,0,863322563921,532845106377,587924682631,532845106377,0.3827971969631515,0.09368474888231504,0,0,0,0,0,252768,252816,1,1,1791.111,1791.079,0.001,0.883,7.992,0.0,1800.0
Class04,46,100,100,100,0,0,103,0,0,103,0,0,1771966943838,0,1771966943838,1088906996326,1202750320908,1088906996326,0.385481202054776,0.09465249986053259,0,0,0,0,0,15820,15859,1,1,1790.824,1790.808,0.0,1.077,8.099,0.0,1800.0
Class04,47,100,100,100,0,0,0,0,0,0,0,0,120278934085,0,120278934085,118074496363,120278934085,118074496363,0.018327712485730414,0.018327712485730414,0,0,0,0,0,0,52,0,0,0.0,0.0,0.002,0.341,8.494,0.0,3393.288
Class04,48,100,100,100,0,0,223,0,0,223,0,0,2462853465666,0,2462853465666,1691338992643,1819924738146,1700953175605,0.313260404558567,0.06537169370102586,0,0,0,0,0,3302785,3302825,2,1,1790.327,1790.268,0.033,0.793,8.575,0.0,1800.0
Class04,49,100,100,100,0,0,0,0,0,0,0,0,6800000000000,6800000000000,6800000000000,6700000000000,6800000000000,6800000000000,0.014705882352941176,0.0,0,1,0,0,0,0,68,1,0,0.021,0.0,0.001,0.029,0.537,0.0,0.588
Class04,50,100,100,100,0,0,96,0,0,96,0,0,319206679809,0,319206679809,240571794766,253677608939,240571794766,0.24634473529830844,0.05166326751428605,0,0,0,0,0,5260,5304,1,1,1790.741,1790.724,0.001,0.52,8.737,0.0,1800.0
Class05,1,100,100,20,0,0,0,0,0,0,0,0,900000000000,900000000000,900000000000,800000000000,800000000000,800000000000,0.1111111111111111,0.0,0,1,0,0,0,66,69,3,0,0.001,0.0,0.001,0.0,0.0,0.0,0.002
Class05,2,100,100,20,0,0,0,0,0,0,0,0,1400000000000,1400000000000,1400000000000,1200000000000,1300000000000,1300000000000,0.14285714285714285,0.0,0,1,0,0,0,113,115,3,2,0.049,0.039,0.0,0.0,0.0,0.0,0.049
Class05,3,100,100,20,0,0,0,0,0,0,0,0,800000000000,800000000000,800000000000,700000000000,800000000000,800000000000,0.125,0.0,0,1,0,0,0,27,53,15,6,0.011,0.005,0.0,0.0,0.001,0.0,0.012
Class05,4,100,100,20,0,0,0,0,0,0,0,0,1100000000000,1100000000000,1100000000000,800000000000,1000000000000,1000000000000,0.2727272727272727,0.0,0,1,0,0,0,265,268,4,3,0.015,0.007,0.0,0.0,0.004,0.0,0.019
Class05,5,100,100,20,0,0,0,0,0,0,0,0,1100000000000,1100000000000,1100000000000,1000000000000,1100000000000,1100000000000,0.09090909090909091,0.0,0,1,0,0,0,17,34,6,3,0.017,0.006,0.001,0.0,0.0,0.0,0.018
Class05,6,100,100,20,0,0,0,0,0,0,0,0,900000000000,900000000000,900000000000,700000000000,800000000000,800000000000,0.2222222222222222,0.0,0,1,0,0,0,76,79,4,0,0.001,0.0,0.001,0.0,0.0,0.0,0.002
Class05,7,100,100,20,0,0,0,0,0,0,0,0,1300000000000,1300000000000,1300000000000,1100000000000,1200000000000,1200000000000,0.15384615384615385,0.0,0,1,0,0,0,80,81,2,0,0.004,0.0,0.0,0.0,0.0,0.0,0.004
Class05,8,100,100,20,0,0,0,0,0,0,0,0,1200000000000,0,1200000000000,1200000000000,1200000000000,1200000000000,0.0,0.0,1,1,0,0,0,0,0,0,0,0.0,0.0,0.001,0.0,0.0,0.0,0.001
Class05,9,100,100,20,0,0,0,0,0,0,0,0,900000000000,900000000000,900000000000,800000000000,800000000000,800000000000,0.1111111111111111,0.0,0,1,0,0,0,112,113,1,0,0.0,0.0,0.001,0.0,0.0,0.0,0.002
Class05,10,100,100,20,0,0,0,0,0,0,0,0,1000000000000,1000000000000,1000000000000,900000000000,900000000000,900000000000,0.1,0.0,0,1,0,0,0,57,62,5,0,0.0,0.0,0.0,0.0,0.0,0.0,0.0
Class05,11,100,100,40,0,0,29,0,0,29,0,0,198565734156,179547519875,179547519875,168728189629,170586862963,170586862963,0.060258867699940155,0.0,0,1,0,0,0,76909,77917,2170,352,1.895,0.85,0.0,0.013,0.121,0.0,2.043
Class05,12,100,100,40,0,0,0,0,0,0,0,0,1600000000000,1600000000000,1600000000000,1300000000000,1500000000000,1500000000000,0.1875,0.0,0,1,0,0,0,1610,1627,18,16,8.28,8.15,0.0,0.0,0.003,0.0,8.283
Class05,13,100,100,40,0,0,0,0,0,0,0,0,1400000000000,1400000000000,1400000000000,1300000000000,1400000000000,1400000000000,0.07142857142857142,0.0,0,1,0,0,0,0,14,1,1,0.146,0.141,0.001,0.0,0.001,0.0,0.148
Class05,14,100,100,40,0,0,0,0,0,0,0,0,150000000000,139999999999,139999999999,100000000000,100000000000,100000000000,0.28571428570918367,0.0,0,1,0,0,0,2090,2326,401,0,0.002,0.0,0.001,0.0,0.0,0.0,0.003
Class05,15,100,100,40,0,0,0,0,0,0,0,0,1400000000000,1400000000000,1400000000000,1300000000000,1300000000000,1300000000000,0.07142857142857142,0.0,0,1,0,0,0,634,654,20,16,0.374,0.295,0.001,0.0,0.001,0.0,0.376
Class05,16,100,100,40,0,0,0,0,0,0,0,0,1900000000000,1900000000000,1900000000000,1700000000000,1900000000000,1900000000000,0.10526315789473684,0.0,0,1,0,0,0,0,19,2,1,0.096,0.083,0.0,0.0,0.003,0.0,0.099
Class05,17,100,100,40,0,0,0,0,0,0,0,0,1900000000000,1900000000000,1900000000000,1600000000000,1900000000000,1900000000000,0.15789473684210525,0.0,0,1,0,0,0,0,19,2,1,43.199,43.181,0.001,0.001,0.001,0.0,43.202
Class05,18,100,100,40,0,0,0,0,0,0,0,0,1600000000000,1500000000000,1500000000000,1300000000000,1500000000000,1500000000000,0.13333333333333333,0.0,0,1,0,0,0,0,15,2,0,0.0,0.0,0.0,0.0,0.0,0.0,0.0
Class05,19,100,100,40,0,0,0,0,0,0,0,0,132413793103,120517241379,120517241379,100000000000,100000000000,100000000000,0.1702432045758318,0.0,0,1,0,0,0,59661,67267,9400,13,0.046,0.006,0.003,0.0,0.0,0.0,0.057
Class05,20,100,100,40,0,0,0,0,0,0,0,0,156818181816,143181818180,143181818180,127272727270,131818181814,131818181814,0.11111111111887126,0.0,0,1,0,0,0,20058,20712,1349,2,0.015,0.004,0.001,0.0,0.002,0.0,0.019
Class05,21,100,100,60,0,0,0,0,0,0,0,0,1900000000000,1900000000000,1900000000000,1700000000000,1900000000000,1900000000000,0.10526315789473684,0.0,0,1,0,0,0,0,19,2,0,0.002,0.0,0.0,0.001,0.003,0.0,0.006
Class05,22,100,100,60,0,0,0,0,0,0,0,0,2000000000000,2000000000000,2000000000000,1900000000000,2000000000000,2000000000000,0.05,0.0,0,1,0,0,0,0,20,1,0,0.001,0.0,0.001,0.0,0.006,0.0,0.008
Class05,23,100,100,60,0,0,0,0,0,0,0,0,1800000000000,1800000000000,1800000000000,1600000000000,1800000000000,1800000000000,0.1111111111111111,0.0,0,1,0,0,0,0,18,2,0,0.0,0.0,0.001,0.001,0.003,0.0,0.005
Class05,24,100,100,60,0,0,0,0,0,0,0,0,2200000000000,2200000000000,2200000000000,2000000000000,2200000000000,2200000000000,0.09090909090909091,0.0,0,1,0,0,0,0,22,2,1,0.084,0.062,0.0,0.001,0.002,0.0,0.087
Class05,25,100,100,60,0,0,22,0,0,22,0,0,139184447448,133902480528,133902480528,116503107750,120191894712,120191894712,0.12994063074404108,0.0,0,1,0,0,0,1835881,1934992,149665,63,1.353,0.071,0.001,0.0,0.109,0.0,1.552
Class05,26,100,100,60,0,0,0,0,0,0,0,0,140438871472,134169278995,134169278995,99999999999,100313479622,100313479622,0.2546728971933535,0.0,0,1,0,0,0,219823,266609,53686,1,0.189,0.002,0.001,0.0,0.004,0.0,0.209
Class05,27,100,100,60,0,0,0,0,0,0,0,0,2400000000000,2400000000000,2400000000000,2200000000000,2400000000000,2300000000000,0.08333333333333333,0.041666666666666664,0,0,0,0,0,0,25,2,1,1799.989,1799.951,0.001,0.001,0.009,0.0,1800.0
Class05,28,100,100,60,0,0,0,0,0,0,0,0,1900000000000,1900000000000,1900000000000,1700000000000,1900000000000,1900000000000,0.10526315789473684,0.0,0,1,0,0,0,0,19,2,1,4.024,4.006,0.0,0.0,0.003,0.0,4.027
Class05,29,100,100,60,0,0,0,0,0,0,0,0,2000000000000,2000000000000,2000000000000,1800000000000,2000000000000,1900000000000,0.1,0.05,0,0,0,0,0,0,21,2,1,1799.993,1799.976,0.002,0.001,0.005,0.0,1800.001
Class05,30,100,100,60,0,0,0,0,0,0,0,0,1400000000000,0,1400000000000,1400000000000,1400000000000,1400000000000,0.0,0.0,1,1,0,0,0,0,0,0,0,0.0,0.0,0.0,0.0,0.005,0.0,0.005
Class05,31,100,100,80,0,0,0,0,0,0,0,0,2200000000000,2200000000000,2200000000000,2000000000000,2200000000000,2100000000000,0.09090909090909091,0.045454545454545456,0,0,0,0,0,0,23,2,1,1799.988,1799.964,0.0,0.001,0.011,0.0,1800.0
Class05,32,100,100,80,0,0,0,0,0,0,0,0,137234042552,134042553190,134042553190,100000000000,101063829786,101063829786,0.25396825395996475,0.0,0,1,0,0,0,3413255,4144427,770494,8,4.318,0.005,0.001,0.0,0.008,0.0,4.518
Class05,33,100,100,80,0,0,0,0,0,0,0,0,2900000000000,2900000000000,2900000000000,2600000000000,2900000000000,2800000000000,0.10344827586206896,0.034482758620689655,0,0,0,0,0,0,30,2,1,1799.987,1799.898,0.001,0.002,0.01,0.0,1800.0
Class05,34,100,100,80,0,0,0,0,0,0,0,0,2500000000000,2500000000000,2500000000000,2100000000000,2500000000000,2500000000000,0.16,0.0,0,1,0,0,0,0,25,2,1,39.725,39.692,0.001,0.001,0.008,0.0,39.735
Class05,35,100,100,80,0,0,0,0,0,0,0,0,2300000000000,2300000000000,2300000000000,2000000000000,2300000000000,2200000000000,0.13043478260869565,0.043478260869565216,0,0,0,0,0,0,24,2,1,1799.985,1799.942,0.001,0.0,0.014,0.0,1800.0
Class05,36,100,100,80,0,0,0,0,0,0,0,0,2300000000000,2300000000000,2300000000000,1800000000000,2300000000000,2300000000000,0.21739130434782608,0.0,0,1,0,0,0,0,25,3,2,401.067,400.984,0.001,0.001,0.007,0.0,401.076
Class05,37,100,100,80,0,0,0,0,0,0,0,0,1900000000000,1900000000000,1900000000000,1700000000000,1900000000000,1900000000000,0.10526315789473684,0.0,0,1,0,0,0,0,19,2,0,0.003,0.0,0.002,0.0,0.006,0.0,0.011
Class05,38,100,100,80,0,0,0,0,0,0,0,0,2300000000000,2300000000000,2300000000000,2100000000000,2300000000000,2200000000000,0.08695652173913043,0.043478260869565216,0,0,0,0,0,0,24,2,1,1799.996,1799.967,0.0,0.001,0.006,0.0,1800.003
Class05,39,100,100,80,0,0,0,0,0,0,0,0,142857142856,129285714284,129285714284,100000000000,104285714283,104285714283,0.2265193370063185,0.0,0,1,0,0,0,18174,20128,2519,0,0.006,0.0,0.001,0.0,0.001,0.0,0.018
Class05,40,100,100,80,0,0,0,0,0,0,0,0,134146341462,124390243901,124390243901,100000000000,100406504061,100406504061,0.19607843136324876,0.0,0,1,0,0,0,154959,186471,36354,8,0.152,0.008,0.001,0.0,0.002,0.0,0.171
Class05,41,100,100,100,0,0,0,0,0,0,0,0,116287325783,113834065224,113834065224,101069073477,102178909357,102178909357,0.11213683462750232,0.0,0,1,0,0,0,13585283,15006168,1482754,66,7.129,0.037,0.001,0.0,0.043,0.0,7.673
Class05,42,100,100,100,0,0,0,0,0,0,0,0,147197640117,140855457224,140855457224,100000000000,100000000000,100000000000,0.29005235600512286,0.0,0,1,0,0,0,2547258,3022619,537200,4,2.44,0.001,0.002,0.0,0.031,0.0,2.633
Class05,43,100,100,100,0,0,0,0,0,0,0,0,3100000000000,3100000000000,3100000000000,2600000000000,3100000000000,2600000000000,0.16129032258064516,0.16129032258064516,0,0,0,0,0,0,31,1,1,1799.953,1799.863,0.001,0.005,0.041,0.0,1800.0
Class05,44,100,100,100,0,0,0,0,0,0,0,0,2700000000000,2700000000000,2700000000000,2400000000000,2700000000000,2400000000000,0.1111111111111111,0.1111111111111111,0,0,0,0,0,0,27,1,1,1799.967,1799.921,0.001,0.003,0.029,0.0,1800.0
Class05,45,100,100,100,0,0,0,0,0,0,0,0,2600000000000,2600000000000,2600000000000,2300000000000,2600000000000,2500000000000,0.11538461538461539,0.038461538461538464,0,0,0,0,0,0,27,2,2,1799.972,1799.891,0.002,0.003,0.023,0.0,1800.0
Class05,46,100,100,100,0,0,0,0,0,0,0,0,2300000000000,2300000000000,2300000000000,2000000000000,2300000000000,2200000000000,0.13043478260869565,0.043478260869565216,0,0,0,0,0,9,32,2,1,1799.99,1799.956,0.001,0.001,0.008,0.0,1800.0
Class05,47,100,100,100,0,0,0,0,0,0,0,0,143824392311,141460856708,141460856708,128864327610,133063170640,128864327610,0.08904603995154252,0.03155526063150783,0,0,0,0,0,3240353,3303823,80938,327,1797.669,1704.878,0.0,0.005,2.208,0.0,1800.0
Class05,48,100,100,100,0,0,0,0,0,0,0,0,2700000000000,2700000000000,2700000000000,2500000000000,2700000000000,2700000000000,0.07407407407407407,0.0,0,1,0,0,0,0,27,2,0,0.005,0.0,0.034,0.068,0.099,0.0,0.206
Class05,49,100,100,100,0,0,0,0,0,0,0,0,125562266886,124375604089,124375604089,113530658149,117703461283,117703461283,0.08719512173978776,0.0,0,1,0,0,0,6623766,6719735,147847,9358,66.663,30.132,0.001,0.003,3.559,0.0,70.752
Class05,50,100,100,100,0,0,0,0,0,0,0,0,2600000000000,2600000000000,2600000000000,2200000000000,2600000000000,2200000000000,0.15384615384615385,0.15384615384615385,0,0,0,0,0,0,26,1,1,1799.947,1799.881,0.001,0.003,0.049,0.0,1800.0
Class06,1,300,300,20,0,0,0,0,0,0,0,0,2000000000000,0,2000000000000,2000000000000,2000000000000,2000000000000,0.0,0.0,1,1,0,0,0,0,0,0,0,0.0,0.0,0.002,0.0,0.001,0.0,0.003
Class06,2,300,300,20,0,0,0,0,0,0,0,0,2000000000000,0,2000000000000,2000000000000,2000000000000,2000000000000,0.0,0.0,1,1,0,0,0,0,0,0,0,0.0,0.0,0.001,0.0,0.001,0.0,0.002
Class06,3,300,300,20,0,0,0,0,0,0,0,0,2000000000000,0,2000000000000,2000000000000,2000000000000,2000000000000,0.0,0.0,1,1,0,0,0,0,0,0,0,0.0,0.0,0.0,0.0,0.01,0.0,0.01
Class06,4,300,300,20,0,0,0,0,0,0,0,0,2000000000000,0,2000000000000,2000000000000,2000000000000,2000000000000,0.0,0.0,1,1,0,0,0,0,0,0,0,0.0,0.0,0.001,0.0,0.003,0.0,0.004
Class06,5,300,300,20,0,0,0,0,0,0,0,0,2000000000000,0,2000000000000,2000000000000,2000000000000,2000000000000,0.0,0.0,1,1,0,0,0,0,0,0,0,0.0,0.0,0.001,0.0,0.001,0.0,0.002
Class06,6,300,300,20,0,0,0,0,0,0,0,0,2000000000000,0,2000000000000,2000000000000,2000000000000,2000000000000,0.0,0.0,1,1,0,0,0,0,0,0,0,0.0,0.0,0.003,0.0,0.001,0.0,0.004
Class06,7,300,300,20,0,0,0,0,0,0,0,0,2000000000000,0,2000000000000,2000000000000,2000000000000,2000000000000,0.0,0.0,1,1,0,0,0,0,0,0,0,0.0,0.0,0.0,0.0,0.006,0.0,0.006
Class06,8,300,300,20,0,0,0,0,0,0,0,0,2000000000000,0,2000000000000,2000000000000,2000000000000,2000000000000,0.0,0.0,1,1,0,0,0,0,0,0,0,0.0,0.0,0.002,0.0,0.002,0.0,0.004
Class06,9,300,300,20,0,0,0,0,0,0,0,0,2000000000000,0,2000000000000,2000000000000,2000000000000,2000000000000,0.0,0.0,1,1,0,0,0,0,0,0,0,0.0,0.0,0.001,0.0,0.0,0.0,0.001
Class06,10,300,300,20,0,0,0,0,0,0,0,0,2000000000000,0,2000000000000,2000000000000,2000000000000,2000000000000,0.0,0.0,1,1,0,0,0,0,0,0,0,0.0,0.0,0.001,0.0,0.001,0.0,0.002
Class06,11,300,300,40,0,0,0,0,0,0,0,0,4000000000000,0,4000000000000,4000000000000,4000000000000,4000000000000,0.0,0.0,1,1,0,0,0,0,0,0,0,0.0,0.0,0.003,0.0,0.014,0.0,0.017
Class06,12,300,300,40,0,0,0,0,0,0,0,0,106551724118,106551724118,106551724118,99999999982,106551724118,99999999982,0.061488673132537364,0.061488673132537364,0,0,0,0,0,20,49,1,1,1798.657,1797.829,0.003,0.336,1.004,0.0,1800.0
Class06,13,300,300,40,0,0,0,0,0,0,0,0,3700000000000,3700000000000,3700000000000,3600000000000,3700000000000,3600000000000,0.02702702702702703,0.02702702702702703,0,0,0,0,0,11,44,1,1,1799.989,1799.72,0.003,0.001,0.007,0.0,1800.0
Class06,14,300,300,40,0,0,0,0,0,0,0,0,3800000000000,3800000000000,3800000000000,3700000000000,3800000000000,3700000000000,0.02631578947368421,0.02631578947368421,0,0,0,0,0,0,39,1,1,1799.99,1799.719,0.003,0.001,0.009,0.0,1800.003
Class06,15,300,300,40,0,0,0,0,0,0,0,0,3600000000000,3600000000000,3600000000000,3500000000000,3600000000000,3500000000000,0.027777777777777776,0.027777777777777776,0,0,0,0,0,0,37,1,1,1799.993,1799.744,0.002,0.001,0.006,0.0,1800.002
Class06,16,300,300,40,0,0,0,0,0,0,0,0,106138107396,106138107396,106138107396,99999999981,106138107396,99999999981,0.05783132529487072,0.05783132529487072,0,0,0,0,0,10,45,1,1,1787.062,1786.785,0.003,1.361,11.574,0.0,1800.0
Class06,17,300,300,40,0,0,0,0,0,0,0,0,3900000000000,0,3900000000000,3900000000000,3900000000000,3900000000000,0.0,0.0,1,1,0,0,0,0,0,0,0,0.0,0.0,0.003,0.0,0.005,0.0,0.008
Class06,18,300,300,40,0,0,0,0,0,0,0,0,3500000000000,3500000000000,3500000000000,3400000000000,3500000000000,3400000000000,0.02857142857142857,0.02857142857142857,0,0,0,0,0,0,36,1,1,1799.977,1799.154,0.0,0.008,0.015,0.0,1800.0
Class06,19,300,300,40,0,0,0,0,0,0,0,0,103361344507,103361344507,103361344507,99999999971,103361344507,103361344507,0.03252032519538634,0.0,0,1,0,0,0,0,40,1,0,0.003,0.0,0.002,0.038,0.38,0.0,0.43
Class06,20,300,300,40,0,0,0,0,0,0,0,0,104526748952,104526748952,104526748952,100205761300,104526748952,104526748952,0.041338582662551304,0.0,0,1,0,0,0,0,40,1,0,0.007,0.0,0.003,1.129,10.954,0.0,12.095
Class06,21,300,300,60,0,0,0,0,0,0,0,0,118908943202,0,118908943202,115207367920,118908943202,115207367920,0.03112949440406549,0.03112949440406549,0,0,0,0,0,0,38,1,1,1785.598,1785.504,0.005,0.441,13.956,0.0,1800.0
Class06,22,300,300,60,0,0,0,0,0,0,0,0,5200000000000,5200000000000,5200000000000,5000000000000,5200000000000,5100000000000,0.038461538461538464,0.019230769230769232,0,0,0,0,0,6,58,2,1,1799.908,1799.395,0.004,0.006,0.082,0.0,1800.001
Class06,23,300,300,60,0,0,0,0,0,0,0,0,4800000000000,4800000000000,4800000000000,4700000000000,4800000000000,4700000000000,0.020833333333333332,0.020833333333333332,0,0,0,0,0,0,49,1,1,1799.956,1799.628,0.003,0.002,0.039,0.0,1800.0
Class06,24,300,300,60,0,0,0,0,0,0,0,0,5000000000000,5000000000000,5000000000000,4800000000000,5000000000000,4900000000000,0.04,0.02,0,0,0,0,0,0,51,2,1,1799.953,1799.533,0.003,0.003,0.041,0.0,1800.0
Class06,25,300,300,60,0,0,0,0,0,0,0,0,5200000000000,5200000000000,5200000000000,5100000000000,5200000000000,5100000000000,0.019230769230769232,0.019230769230769232,0,0,0,0,0,0,53,1,1,1799.911,1799.438,0.004,0.003,0.083,0.0,1800.001
Class06,26,300,300,60,0,0,0,0,0,0,0,0,5100000000000,5100000000000,5100000000000,5000000000000,5100000000000,5000000000000,0.0196078431372549,0.0196078431372549,0,0,0,0,0,0,52,1,1,1799.913,1799.497,0.002,0.006,0.079,0.0,1800.0
Class06,27,300,300,60,0,0,0,0,0,0,0,0,5500000000000,5500000000000,5500000000000,5400000000000,5500000000000,5400000000000,0.01818181818181818,0.01818181818181818,0,0,0,0,0,0,56,1,1,1799.969,1799.403,0.002,0.002,0.027,0.0,1800.0
Class06,28,300,300,60,0,0,468,0,0,468,0,0,4113378282608,0,4113378282608,1530648012332,2391558102420,1530648012332,0.6278854247848255,0.3599787474186186,0,0,0,0,0,30766355114,30766355160,0,0,0.0,0.0,0.002,1.362,9.677,0.0,1800.0
Class06,29,300,300,60,0,0,0,0,0,0,0,0,5200000000000,5200000000000,5200000000000,5100000000000,5200000000000,5200000000000,0.019230769230769232,0.0,0,1,0,0,0,0,52,1,0,0.008,0.0,0.002,0.004,0.04,0.0,0.054
Class06,30,300,300,60,0,0,0,0,0,0,0,0,4400000000000,4400000000000,4400000000000,4300000000000,4400000000000,4300000000000,0.022727272727272728,0.022727272727272728,0,0,0,0,0,0,45,1,1,1799.905,1799.636,0.002,0.006,0.087,0.0,1800.0
Class06,31,300,300,80,0,0,0,0,0,0,0,0,6000000000000,6000000000000,6000000000000,5900000000000,6000000000000,5900000000000,0.016666666666666666,0.016666666666666666,0,0,0,0,0,0,61,1,1,1799.497,1798.675,0.004,0.031,0.468,0.0,1800.0
Class06,32,300,300,80,0,0,0,0,0,0,0,0,6200000000000,6200000000000,6200000000000,6100000000000,6200000000000,6100000000000,0.016129032258064516,0.016129032258064516,0,0,0,0,0,0,63,1,1,1799.691,1798.946,0.005,0.019,0.285,0.0,1800.0
Class06,33,300,300,80,0,0,0,0,0,0,0,0,6200000000000,6200000000000,6200000000000,6000000000000,6200000000000,6100000000000,0.03225806451612903,0.016129032258064516,0,0,0,0,0,0,63,2,1,1799.776,1798.886,0.003,0.011,0.21,0.0,1800.0
Class06,34,300,300,80,0,0,0,0,0,0,0,0,5900000000000,5900000000000,5900000000000,5800000000000,5900000000000,5900000000000,0.01694915254237288,0.0,0,1,0,0,0,0,59,1,0,0.005,0.0,0.002,0.013,0.18,0.0,0.2
Class06,35,300,300,80,0,0,0,0,0,0,0,0,5900000000000,5900000000000,5900000000000,5700000000000,5900000000000,5800000000000,0.03389830508474576,0.01694915254237288,0,0,0,0,0,0,60,2,1,1799.588,1798.842,0.003,0.019,0.39,0.0,1800.0
Class06,36,300,300,80,0,0,149,0,0,149,0,0,411456437108,0,411456437108,271307346971,294665528658,271307346971,0.3406170799564216,0.0792701534970193,0,0,0,0,0,1957055,1957090,1,1,1789.644,1789.606,0.004,1.014,9.189,0.0,1800.0
Class06,37,300,300,80,0,0,104,0,0,104,0,0,412318918851,0,412318918851,350781334836,361037598836,350781334836,0.14924753922639647,0.028407744880496143,0,0,0,0,0,2699324,2699355,1,1,1791.065,1791.042,0.0,0.675,8.095,0.0,1800.0
Class06,38,300,300,80,0,0,123,0,0,123,0,0,541553109553,0,541553109553,318887922441,355998786958,318887922441,0.4111603888597163,0.1042443566566935,0,0,0,0,0,1601225,1601258,1,1,1790.887,1790.871,0.003,1.132,7.879,0.0,1800.004
Class06,39,300,300,80,0,0,149,0,0,149,0,0,578930252559,0,578930252559,336807136284,377160988994,336807136284,0.4182250196889214,0.1069937079591282,0,0,0,0,0,213935355,213935407,1,1,1778.089,1778.017,0.003,0.874,8.364,0.0,1800.0
Class06,40,300,300,80,0,0,0,0,0,0,0,0,6100000000000,6100000000000,6100000000000,6000000000000,6100000000000,6000000000000,0.01639344262295082,0.01639344262295082,0,0,0,0,0,0,62,1,1,1799.846,1799.009,0.003,0.01,0.141,0.0,1800.0
Class06,41,300,300,100,0,0,0,0,0,0,0,0,7200000000000,7200000000000,7200000000000,7000000000000,7200000000000,7100000000000,0.027777777777777776,0.013888888888888888,0,0,0,0,0,0,73,2,1,1796.458,1793.303,0.007,0.321,3.212,0.0,1800.001
Class06,42,300,300,100,0,0,0,0,0,0,0,0,119962466893,0,119962466893,115015587224,119962466893,115015587224,0.041236895148316244,0.041236895148316244,0,0,0,0,0,0,60,1,1,1780.291,1779.912,0.007,0.415,19.287,0.0,1800.0
Class06,43,300,300,100,0,0,0,0,0,0,0,0,7500000000000,7500000000000,7500000000000,7300000000000,7500000000000,7400000000000,0.02666666666666667,0.013333333333333334,0,0,0,0,0,4,79,2,1,1796.769,1793.384,0.007,0.167,3.057,0.0,1800.0
Class06,44,300,300,100,0,0,351,0,0,351,0,0,1193310690891,0,1193310690891,637395089154,730047689441,637395089154,0.4658599021868469,0.12691307927834744,0,0,0,0,0,723046908,723046956,1,1,1656.03,1655.973,0.008,1.778,16.982,0.0,1800.0
Class06,45,300,300,100,0,0,0,0,0,0,0,0,171023426849,171023426849,171023426849,167118006951,171023426849,167118006951,0.022835584398903274,0.022835584398903274,0,0,0,0,0,0,32,1,1,1786.085,1786.055,0.006,0.031,13.878,0.0,1800.0
Class06,46,300,300,100,0,0,108,0,0,108,0,0,968328901986,0,968328901986,584534266561,648500039131,584534266561,0.3963473925417842,0.09863649762568268,0,0,0,0,0,157539,157580,1,1,1784.896,1784.874,0.012,1.31,13.771,0.0,1800.0
Class06,47,300,300,100,0,0,141,0,0,141,0,0,557565500788,0,557565500788,360049386035,392968738493,361827469569,0.35424737447681587,0.07924617373744279,0,0,0,0,0,23480152,23480190,2,1,1779.262,1779.224,0.006,1.911,16.24,0.0,1800.004
Class06,48,300,300,100,0,0,0,0,0,0,0,0,124894990240,0,124894990240,119875798666,124894990240,119875798666,0.04018729305599088,0.04018729305599088,0,0,0,0,0,0,47,1,1,1783.103,1782.705,0.006,0.585,16.306,0.0,1800.0
Class06,49,300,300,100,0,0,194,0,0,194,0,0,1844580778353,0,1844580778353,983597786017,983597786017,983597786017,0.46676350661355126,0.0,0,1,0,0,0,13225723,13225723,0,0,0.0,0.0,0.007,1.817,17.181,0.0,20.797
Class06,50,300,300,100,0,0,192,0,0,192,0,0,1927436023829,0,1927436023829,949565546974,1112543959779,949565546974,0.507342637973729,0.14649166118107787,0,0,0,0,0,1827468,1827529,1,1,1780.745,1780.665,0.007,2.124,16.918,0.0,1800.0
Class07,1,100,100,20,0,0,0,0,0,0,0,0,1000000000000,1000000000000,1000000000000,800000000000,900000000000,900000000000,0.2,0.0,0,1,0,0,0,76,85,10,4,0.011,0.007,0.001,0.001,0.001,0.0,0.014
Class07,2,100,100,20,0,0,0,0,0,0,0,0,1200000000000,1100000000000,1100000000000,1000000000000,1000000000000,1000000000000,0.09090909090909091,0.0,0,1,0,0,0,106,108,2,0,0.0,0.0,0.0,0.0,0.001,0.0,0.001
Class07,3,100,100,20,0,0,0,0,0,0,0,0,1000000000000,900000000000,900000000000,800000000000,800000000000,800000000000,0.1111111111111111,0.0,0,1,0,0,0,323,353,30,6,0.018,0.013,0.001,0.0,0.001,0.0,0.02
Class07,4,100,100,20,0,0,0,0,0,0,0,0,800000000000,800000000000,800000000000,700000000000,700000000000,700000000000,0.125,0.0,0,1,0,0,0,269,279,10,0,0.0,0.0,0.001,0.002,0.0,0.0,0.003
Class07,5,100,100,20,0,0,0,0,0,0,0,0,1000000000000,1000000000000,1000000000000,900000000000,900000000000,900000000000,0.1,0.0,0,1,0,0,0,80,84,4,0,0.0,0.0,0.0,0.0,0.0,0.0,0.0
Class07,6,100,100,20,0,0,0,0,0,0,0,0,165517241377,120689655170,120689655170,103448275860,103448275861,103448275861,0.14285714285714285,0.0,0,1,0,0,0,3344,3471,260,0,0.006,0.0,0.0,0.0,0.001,0.0,0.012
Class07,7,100,100,20,0,0,0,0,0,0,0,0,1000000000000,1000000000000,1000000000000,900000000000,900000000000,900000000000,0.1,0.0,0,1,0,0,0,379,422,43,4,0.204,0.195,0.0,0.0,0.001,0.0,0.205
Class07,8,100,100,20,0,0,0,0,0,0,0,0,191666666665,145833333332,145833333332,104166666666,104166666666,104166666666,0.28571428571232654,0.0,0,1,0,0,0,2417,2584,317,0,0.0,0.0,0.002,0.0,0.0,0.0,0.006
Class07,9,100,100,20,0,0,0,0,0,0,0,0,900000000000,800000000000,800000000000,700000000000,700000000000,700000000000,0.125,0.0,0,1,0,0,0,62,69,7,0,0.0,0.0,0.0,0.001,0.0,0.0,0.001
Class07,10,100,100,20,0,0,0,0,0,0,0,0,1200000000000,1200000000000,1200000000000,1000000000000,1200000000000,1200000000000,0.16666666666666666,0.0,0,1,0,0,0,0,12,2,0,0.002,0.0,0.001,0.0,0.0,0.0,0.003
Class07,11,100,100,40,0,0,0,0,0,0,0,0,1500000000000,1500000000000,1500000000000,1400000000000,1400000000000,1400000000000,0.06666666666666667,0.0,0,1,0,0,0,778,796,18,0,0.021,0.0,0.002,0.0,0.003,0.0,0.027
Class07,12,100,100,40,0,0,0,0,0,0,0,0,171005917157,139053254435,139053254435,104437869821,110059171595,110059171595,0.24893617020794612,0.0,0,1,0,0,0,815196,890812,99551,0,1.103,0.0,0.001,0.0,0.007,0.0,1.185
Class07,13,100,100,40,0,0,0,0,0,0,0,0,168999999996,145999999994,145999999994,99999999999,100000000000,100000000000,0.3150684931293864,0.0,0,1,0,0,0,1183784,1275579,185521,0,2.349,0.0,0.001,0.0,0.02,0.0,2.661
Class07,14,100,100,40,0,0,11,0,0,11,0,0,274111675125,194416243651,194416243651,135025380708,135025380708,135025380708,0.30548302872065347,0.0,0,1,0,0,0,164973,174554,10145,0,0.077,0.0,0.0,0.0,0.019,0.0,0.104
Class07,15,100,100,40,0,0,0,0,0,0,0,0,1700000000000,1700000000000,1700000000000,1500000000000,1600000000000,1600000000000,0.11764705882352941,0.0,0,1,0,0,0,400,408,9,4,4.548,4.494,0.001,0.001,0.001,0.0,4.551
Class07,16,100,100,40,0,0,0,0,0,0,0,0,1300000000000,1300000000000,1300000000000,1100000000000,1100000000000,1100000000000,0.15384615384615385,0.0,0,1,0,0,0,1284,1353,69,7,0.062,0.043,0.001,0.0,0.001,0.0,0.064
Class07,17,100,100,40,0,0,0,0,0,0,0,0,172861356930,158997050144,158997050144,101032448375,101769911503,101769911503,0.36456400742342565,0.0,0,1,0,0,0,101926,126227,26856,0,0.198,0.0,0.001,0.002,0.002,0.0,0.231
Class07,18,100,100,40,0,0,0,0,0,0,0,0,150000000000,150000000000,150000000000,149999999999,149999999999,149999999999,6.666666666666666E-12,0.0,0,1,0,0,0,32,36,4,0,0.0,0.0,0.001,0.0,0.0,0.0,0.001
Class07,19,100,100,40,0,0,25,0,0,25,0,0,200112715223,183729117488,183729117488,167423468916,168044500556,168044500556,0.08874830944020062,0.0,0,1,0,0,0,498380,503727,7122,95,0.587,0.236,0.0,0.007,0.201,0.0,0.812
Class07,20,100,100,40,0,0,0,0,0,0,0,0,1400000000000,1400000000000,1400000000000,1300000000000,1300000000000,1300000000000,0.07142857142857142,0.0,0,1,0,0,0,126,127,1,0,0.0,0.0,0.003,0.0,0.0,0.0,0.003
Class07,21,100,100,60,0,0,0,0,0,0,0,0,188915707387,156442629034,156442629034,122632751575,130282213144,130282213144,0.21611678138988594,0.0,0,1,0,0,0,233973,241546,11831,0,0.099,0.0,0.001,0.0,0.013,0.0,0.132
Class07,22,100,100,60,0,0,0,0,0,0,0,0,1900000000000,1900000000000,1900000000000,1800000000000,1800000000000,1800000000000,0.05263157894736842,0.0,0,1,0,0,0,612,635,23,0,0.002,0.0,0.001,0.002,0.001,0.0,0.006
Class07,23,100,100,60,0,0,0,0,0,0,0,0,169841269838,165079365074,165079365074,126455026453,126455026453,126455026453,0.2339743589617388,0.0,0,1,0,0,0,613284,680751,79802,0,0.734,0.0,0.0,0.0,0.025,0.0,0.852
Class07,24,100,100,60,0,0,0,0,0,0,0,0,1800000000000,1800000000000,1800000000000,1600000000000,1800000000000,1600000000000,0.1111111111111111,0.1111111111111111,0,0,0,0,0,24,60,17,15,1799.994,1799.761,0.002,0.001,0.003,0.0,1800.0
Class07,25,100,100,60,0,0,0,0,0,0,0,0,183682429689,161347703011,161347703011,100934418244,100934418244,100934418244,0.3744291591364104,0.0,0,1,0,0,0,44779451,52914308,9875837,13,168.245,0.019,0.001,0.0,1.658,0.0,175.72
Class07,26,100,100,60,0,0,0,0,0,0,0,0,206339401819,198342002598,198342002598,160338101429,162321196355,162321196355,0.19160793312159094,0.0,0,1,0,0,0,964201,1116615,176804,14,1.839,0.017,0.001,0.001,0.01,0.0,1.983
Class07,27,100,100,60,0,0,25,0,0,25,0,0,239932885904,225503355701,225503355701,180872483217,180872483217,180872483217,0.19791666667336463,0.0,0,1,0,0,0,2859234,3271597,482924,0,5.394,0.0,0.002,0.0,0.076,0.0,5.754
Class07,28,100,100,60,0,0,0,0,0,0,0,0,149259259258,146560846557,146560846557,127407407403,127407407403,127407407403,0.13068592058487397,0.0,0,1,0,0,0,580683,610003,34454,26,0.387,0.025,0.0,0.001,0.035,0.0,0.48
Class07,29,100,100,60,0,0,12,0,0,12,0,0,145381663004,139440129853,139440129853,106011477174,106132112961,106132112961,0.23973480743485406,0.0,0,1,0,0,0,104353966,117853121,16715145,238,294.319,0.342,0.001,0.001,4.219,0.0,310.974
Class07,30,100,100,60,0,0,4,0,0,4,0,0,177259475217,159475218657,159475218657,100583090377,100583090378,100583090378,0.36928702011480197,0.0,0,1,0,0,0,312109,389078,89228,49,0.785,0.039,0.003,0.0,0.012,0.0,0.838
Class07,31,100,100,80,0,0,0,0,0,0,0,0,145909909906,144198198194,144198198194,101963963961,101963963961,101963963961,0.29289016618764757,0.0,0,1,0,0,0,304174785,331691624,42163384,0,688.254,0.0,0.001,0.001,1.927,0.0,725.811
Class07,32,100,100,80,0,0,0,0,0,0,0,0,1800000000000,1800000000000,1800000000000,1600000000000,1600000000000,1600000000000,0.1111111111111111,0.0,0,1,0,0,0,4314,4512,198,97,5.251,3.861,0.001,0.0,0.002,0.0,5.256
Class07,33,100,100,80,0,0,0,0,0,0,0,0,158374795202,153358662764,153358662764,122308998982,122308998982,122308998982,0.2024643617933836,0.0,0,1,0,0,0,38664980,40884557,2942722,7,39.488,0.008,0.002,0.002,1.468,0.0,44.887
Class07,34,100,100,80,0,2,2,0,2,2,0,0,198999999997,150999999998,150999999998,100000000000,100000000000,100000000000,0.3377483443620894,0.0,0,1,0,0,0,33929527,36179389,3539109,79,55.189,0.089,0.002,0.002,0.444,0.0,59.72
Class07,35,100,100,80,0,0,0,0,0,0,0,0,181130051253,160438669682,160438669682,105211586599,105211586599,105211586599,0.34422551117173755,0.0,0,1,0,0,0,7665857,8955366,1428631,0,20.658,0.0,0.003,0.002,0.933,0.0,22.908
Class07,36,100,100,80,0,0,0,0,0,0,0,0,146999999997,146999999994,146999999994,100000000000,100000000000,100000000000,0.3197278911286964,0.0,0,1,0,0,0,24661772,26153872,3035429,0,40.743,0.0,0.001,0.0,0.377,0.0,44.585
Class07,37,100,100,80,0,0,0,0,0,0,0,0,159935833957,157396918440,157396918440,127753792528,127753792528,127753792528,0.18833358496341854,0.0,0,1,0,0,0,14721646,15369577,803658,13,11.6,0.035,0.001,0.007,0.481,0.0,13.636
Class07,38,100,100,80,0,0,0,0,0,0,0,0,182738283705,157606038727,157606038727,103732833480,103732833480,103732833480,0.3418219611516117,0.0,0,1,0,0,0,22465946,25498294,3601693,1,38.117,0.006,0.001,0.002,0.221,0.0,40.593
Class07,39,100,100,80,0,0,0,0,0,0,0,0,163000000000,147999999999,147999999999,100000000000,100000000000,100000000000,0.32432432431975894,0.0,0,1,0,0,0,21347178,23683977,3605934,0,45.193,0.0,0.001,0.001,0.189,0.0,48.817
Class07,40,100,100,80,0,0,0,0,0,0,0,0,190374459911,184733557367,184733557367,149543927025,149591934707,149591934707,0.19048856549701307,0.0,0,1,0,0,0,2397029,2639877,280959,0,2.808,0.0,0.001,0.0,0.048,0.0,3.165
Class07,41,100,100,100,0,0,0,0,0,0,0,0,184789833820,180136852391,180136852391,137497556205,137732160308,137732160308,0.23670501410476708,0.0,0,1,0,0,0,10380521,11895434,1782297,1273,26.584,1.819,0.004,0.0,0.11,0.0,28.399
Class07,42,100,100,100,0,0,30,0,0,30,0,0,259245465201,223512541092,223512541092,194704232474,194704232474,194704232474,0.12888900317294594,0.0,0,1,0,0,0,1512339,1575844,74617,0,0.944,0.0,0.003,0.001,0.299,0.0,1.343
Class07,43,100,100,100,0,0,0,0,0,0,0,0,185829198728,162275309846,162275309846,103331738000,132803523920,103331738000,0.3632319168081559,0.2219202100220896,0,0,0,0,0,361824262,399468417,41612367,0,1724.879,0.0,0.002,0.002,3.623,0.0,1808.228
Class07,44,100,100,100,0,0,0,0,0,0,0,0,178999999999,163999999997,163999999997,100000000000,131999999996,100000000000,0.3902439024278703,0.24242424240128557,0,0,0,0,0,312637529,336835906,27864085,0,1647.472,0.0,0.001,0.003,9.167,0.0,1800.0
Class07,45,100,100,100,0,0,0,0,0,0,0,0,227634883592,208347768632,208347768632,159817628147,161318193561,161318193561,0.23292853484175155,0.0,0,1,0,0,0,6506626,7774576,1411337,743,20.865,1.065,0.002,0.002,0.267,0.0,21.99
Class07,46,100,100,100,0,0,0,0,0,0,0,0,208917197450,204883227174,204883227174,170488322715,172186836516,172186836516,0.167875647672172,0.0,0,1,0,0,0,502577,541663,52975,0,0.398,0.0,0.004,0.0,0.022,0.0,0.504
Class07,47,100,100,100,0,0,0,0,0,0,0,0,224423963132,214746543777,214746543777,181566820275,181566820275,181566820275,0.15450643776812042,0.0,0,1,0,0,0,978980,1078544,107726,0,1.246,0.0,0.001,0.002,0.046,0.0,1.41
Class07,48,100,100,100,0,0,33,0,0,33,0,0,289880884421,268101381435,268101381435,227666780833,227666780833,227666780833,0.15081832247777205,0.0,0,1,0,0,0,7065650,7502666,520554,2,5.342,0.003,0.0,0.0,0.268,0.0,6.264
Class07,49,100,100,100,0,0,0,0,0,0,0,0,194422265310,194422265310,194422265310,174518079157,174518079157,174518079157,0.1023760633652911,0.0,0,1,0,0,0,8530231,8899900,442948,28,7.005,0.042,0.002,0.0,0.231,0.0,8.028
Class07,50,100,100,100,0,0,0,0,0,0,0,0,147375787261,147375787261,147375787261,124037788661,126452064377,126452064377,0.15835707502392374,0.0,0,1,0,0,0,11334693,11833452,608585,590,12.214,1.743,0.001,0.0,0.559,0.0,14.056
Class08,1,100,100,20,0,0,0,0,0,0,0,0,800000000000,800000000000,800000000000,700000000000,700000000000,700000000000,0.125,0.0,0,1,0,0,0,53,57,4,0,0.0,0.0,0.002,0.0,0.0,0.0,0.002
Class08,2,100,100,20,0,0,0,0,0,0,0,0,1000000000000,900000000000,900000000000,700000000000,800000000000,800000000000,0.2222222222222222,0.0,0,1,0,0,0,203,218,16,0,0.0,0.0,0.0,0.0,0.001,0.0,0.001
Class08,3,100,100,20,0,0,0,0,0,0,0,0,900000000000,900000000000,900000000000,800000000000,800000000000,800000000000,0.1111111111111111,0.0,0,1,0,0,0,110,118,8,0,0.002,0.0,0.0,0.0,0.0,0.0,0.002
Class08,4,100,100,20,0,0,0,0,0,0,0,0,800000000000,800000000000,800000000000,700000000000,700000000000,700000000000,0.125,0.0,0,1,0,0,0,346,370,24,0,0.0,0.0,0.001,0.0,0.001,0.0,0.002
Class08,5,100,100,20,0,0,0,0,0,0,0,0,1100000000000,1100000000000,1100000000000,1000000000000,1000000000000,1000000000000,0.09090909090909091,0.0,0,1,0,0,0,64,67,3,0,0.0,0.0,0.002,0.0,0.0,0.0,0.002
Class08,6,100,100,20,0,0,0,0,0,0,0,0,900000000000,900000000000,900000000000,800000000000,800000000000,800000000000,0.1111111111111111,0.0,0,1,0,0,0,92,94,2,0,0.0,0.0,0.001,0.0,0.002,0.0,0.003
Class08,7,100,100,20,0,0,0,0,0,0,0,0,1200000000000,1200000000000,1200000000000,900000000000,1100000000000,1100000000000,0.25,0.0,0,1,0,0,0,169,171,3,1,0.006,0.003,0.0,0.0,0.002,0.0,0.008
Class08,8,100,100,20,0,0,0,0,0,0,0,0,1100000000000,0,1100000000000,1100000000000,1100000000000,1100000000000,0.0,0.0,1,1,0,0,0,0,0,0,0,0.0,0.0,0.0,0.0,0.0,0.0,0.0
Class08,9,100,100,20,0,0,0,0,0,0,0,0,800000000000,800000000000,800000000000,700000000000,800000000000,800000000000,0.125,0.0,0,1,0,0,0,0,8,1,0,0.001,0.0,0.001,0.0,0.0,0.0,0.002
Class08,10,100,100,20,0,0,0,0,0,0,0,0,1200000000000,1200000000000,1200000000000,1000000000000,1000000000000,1000000000000,0.16666666666666666,0.0,0,1,0,0,0,264,285,21,0,0.0,0.0,0.001,0.001,0.0,0.0,0.002
Class08,11,100,100,40,0,0,0,0,0,0,0,0,179081632650,155867346934,155867346934,99999999999,103316326528,103316326528,0.35842880522407494,0.0,0,1,0,0,0,51479,62162,13028,0,0.087,0.0,0.001,0.001,0.002,0.0,0.1
Class08,12,100,100,40,0,0,0,0,0,0,0,0,183175803399,168431001887,168431001887,126086956519,126086956519,126086956519,0.2514029180709174,0.0,0,1,0,0,0,63280,71311,9814,0,0.136,0.0,0.002,0.0,0.006,0.0,0.152
Class08,13,100,100,40,0,0,0,0,0,0,0,0,1300000000000,1300000000000,1300000000000,1100000000000,1200000000000,1200000000000,0.15384615384615385,0.0,0,1,0,0,0,323,342,20,0,0.001,0.0,0.001,0.0,0.001,0.0,0.003
Class08,14,100,100,40,0,0,0,0,0,0,0,0,1500000000000,1500000000000,1500000000000,1300000000000,1300000000000,1300000000000,0.13333333333333333,0.0,0,1,0,0,0,721,751,30,0,0.002,0.0,0.001,0.001,0.001,0.0,0.005
Class08,15,100,100,40,0,0,17,0,0,17,0,0,292833104819,269151190324,269151190324,236420291659,236420291659,236420291659,0.12160785403029077,0.0,0,1,0,0,0,102095,106194,5221,0,0.089,0.0,0.004,0.001,0.013,0.0,0.117
Class08,16,100,100,40,0,0,0,0,0,0,0,0,1400000000000,1400000000000,1400000000000,1200000000000,1200000000000,1200000000000,0.14285714285714285,0.0,0,1,0,0,0,1345,1385,40,19,0.23,0.117,0.002,0.001,0.001,0.0,0.235
Class08,17,100,100,40,0,0,0,0,0,0,0,0,1400000000000,1400000000000,1400000000000,1300000000000,1400000000000,1400000000000,0.07142857142857142,0.0,0,1,0,0,0,0,14,1,0,0.001,0.0,0.001,0.0,0.0,0.0,0.002
Class08,18,100,100,40,0,0,0,0,0,0,0,0,1400000000000,1400000000000,1400000000000,1200000000000,1300000000000,1300000000000,0.14285714285714285,0.0,0,1,0,0,0,465,470,6,4,0.231,0.198,0.001,0.0,0.001,0.0,0.233
Class08,19,100,100,40,0,0,0,0,0,0,0,0,1500000000000,1500000000000,1500000000000,1300000000000,1400000000000,1400000000000,0.13333333333333333,0.0,0,1,0,0,0,1036,1061,26,25,2.98,2.705,0.001,0.0,0.001,0.0,2.983
Class08,20,100,100,40,0,0,0,0,0,0,0,0,1200000000000,1200000000000,1200000000000,1000000000000,1100000000000,1100000000000,0.16666666666666666,0.0,0,1,0,0,0,441,450,10,0,0.0,0.0,0.0,0.0,0.001,0.0,0.001
Class08,21,100,100,60,0,0,0,0,0,0,0,0,1600000000000,1600000000000,1600000000000,1400000000000,1500000000000,1500000000000,0.125,0.0,0,1,0,0,0,1534,1571,38,0,0.002,0.0,0.001,0.001,0.001,0.0,0.005
Class08,22,100,100,60,0,0,0,0,0,0,0,0,228846153843,201923076920,201923076920,161538461537,161538461537,161538461537,0.1999999999950476,0.0,0,1,0,0,0,89637,99515,13486,0,0.1,0.0,0.001,0.0,0.0,0.0,0.111
Class08,23,100,100,60,0,0,2,0,0,2,0,0,241328413281,164575645755,164575645755,100738007379,100738007379,100738007379,0.38789237668271787,0.0,0,1,0,0,0,1715209,1937657,281448,0,2.449,0.0,0.001,0.0,0.031,0.0,2.691
Class08,24,100,100,60,0,0,0,0,0,0,0,0,157593726088,153117827081,153117827081,109143075743,110482019888,110482019888,0.2871955028119434,0.0,0,1,0,0,0,8653543,10457864,2157983,0,38.222,0.0,0.0,0.003,0.256,0.0,39.884
Class08,25,100,100,60,0,0,0,0,0,0,0,0,169525959366,165011286680,165011286680,136568848757,136568848757,136568848757,0.17236662106730505,0.0,0,1,0,0,0,221182,238433,25824,0,0.224,0.0,0.001,0.0,0.01,0.0,0.279
Class08,26,100,100,60,0,0,0,0,0,0,0,0,1800000000000,1800000000000,1800000000000,1600000000000,1700000000000,1700000000000,0.1111111111111111,0.0,0,1,0,0,0,2329,2348,20,19,27.503,27.115,0.002,0.001,0.004,0.0,27.512
Class08,27,100,100,60,0,0,0,0,0,0,0,0,185134228184,184463087245,184463087245,159530201340,159530201340,159530201340,0.1351646352523888,0.0,0,1,0,0,0,341605,365284,29821,0,0.242,0.0,0.001,0.0,0.017,0.0,0.313
Class08,28,100,100,60,0,0,0,0,0,0,0,0,164767123286,148219178079,148219178079,112164383559,112164383559,112164383559,0.2432532347520035,0.0,0,1,0,0,0,822043,910025,100734,0,0.758,0.0,0.001,0.0,0.033,0.0,0.875
Class08,29,100,100,60,0,0,0,0,0,0,0,0,172999999999,160999999996,160999999996,100000000000,100000000000,100000000000,0.37888198756220826,0.0,0,1,0,0,0,11135580,12425584,1846626,0,25.142,0.0,0.0,0.001,0.18,0.0,26.592
Class08,30,100,100,60,0,0,16,0,0,16,0,0,189305695983,174389113578,174389113578,132439332658,132439332658,132439332658,0.24055275045157498,0.0,0,1,0,0,0,5996052,6378713,495020,0,5.076,0.0,0.0,0.001,0.365,0.0,5.974
Class08,31,100,100,80,0,0,0,0,0,0,0,0,1900000000000,1900000000000,1900000000000,1600000000000,1800000000000,1800000000000,0.15789473684210525,0.0,0,1,0,0,0,3469,3571,103,11,4.033,3.777,0.001,0.001,0.005,0.0,4.043
Class08,32,100,100,80,0,0,0,0,0,0,0,0,2300000000000,2300000000000,2300000000000,2000000000000,2200000000000,2200000000000,0.13043478260869565,0.0,0,1,0,0,0,1338,1363,26,5,334.781,334.558,0.001,0.001,0.004,0.0,334.787
Class08,33,100,100,80,0,0,0,0,0,0,0,0,152000000000,147999999999,147999999999,100000000000,100000000000,100000000000,0.32432432431975894,0.0,0,1,0,0,0,127329803,132970867,11081126,0,212.436,0.0,0.001,0.0,5.079,0.0,234.74
Class08,34,100,100,80,0,0,0,0,0,0,0,0,2100000000000,2000000000000,2000000000000,1700000000000,2000000000000,1900000000000,0.15,0.05,0,0,0,0,0,240,359,99,42,1799.99,1798.822,0.001,0.001,0.007,0.0,1800.001
Class08,35,100,100,80,0,0,0,0,0,0,0,0,173026315788,156907894735,156907894735,118749999999,123355263157,123355263157,0.24318658280671246,0.0,0,1,0,0,0,441013,481451,59886,0,0.479,0.0,0.005,0.0,0.019,0.0,0.575
Class08,36,100,100,80,0,0,0,0,0,0,0,0,226460859976,201212789414,201212789414,150658278746,151702445034,151702445034,0.25124899274659385,0.0,0,1,0,0,0,1343352,1560510,251134,0,2.371,0.0,0.001,0.003,0.061,0.0,2.585
Class08,37,100,100,80,0,0,0,0,0,0,0,0,224242424240,201913875595,201913875595,167783094097,169059011162,169059011162,0.16903633490974002,0.0,0,1,0,0,0,457797,504546,53954,0,0.593,0.0,0.0,0.0,0.027,0.0,0.673
Class08,38,100,100,80,0,0,0,0,0,0,0,0,209615384613,177516968322,177516968322,137697963800,137697963800,137697963800,0.2243109765696982,0.0,0,1,0,0,0,708741,790757,94501,0,0.819,0.0,0.001,0.0,0.044,0.0,0.931
Class08,39,100,100,80,0,0,19,0,0,19,0,0,149541284400,147706422015,147706422015,121100917428,133027522933,133027522933,0.18012422360551214,0.0,0,1,0,0,0,1436641,1491811,77864,1,1.351,0.002,0.001,0.0,2.13,0.0,3.7
Class08,40,100,100,80,0,0,0,0,0,0,0,0,153792508446,153418649792,153418649792,119534114598,120519088356,120519088356,0.22086320822103145,0.0,0,1,0,0,0,7877639,8383164,628537,0,6.586,0.0,0.001,0.001,0.241,0.0,7.671
Class08,41,100,100,100,0,0,0,0,0,0,0,0,167000000000,156999999999,156999999999,100000000000,100000000000,100000000000,0.3630573248367074,0.0,0,1,0,0,0,135806022,152185415,25900356,0,552.649,0.0,0.001,0.002,7.366,0.0,587.131
Class08,42,100,100,100,0,0,0,0,0,0,0,0,187222490343,177521718141,177521718141,141373069494,142241795363,142241795363,0.20362944334669095,0.0,0,1,0,0,0,14831746,15629286,953553,65,17.858,0.261,0.001,0.0,0.642,0.0,20.3
Class08,43,100,100,100,0,0,0,0,0,0,0,0,172486017058,172395819166,172395819166,137021021998,137021021998,137021021998,0.2051952149369562,0.0,0,1,0,0,0,138943369,166074760,29647652,0,657.668,0.0,0.001,0.002,1.654,0.0,678.612
Class08,44,100,100,100,0,0,0,0,0,0,0,0,184434993205,167523185063,167523185063,110030125819,110112824145,110112824145,0.34319464032622554,0.0,0,1,0,0,0,57864112,63567983,7703677,0,122.442,0.0,0.002,0.002,1.797,0.0,131.686
Class08,45,100,100,100,0,0,0,0,0,0,0,0,2200000000000,2200000000000,2200000000000,2000000000000,2200000000000,2100000000000,0.09090909090909091,0.045454545454545456,0,0,0,0,0,0,23,2,1,1799.987,1799.939,0.001,0.0,0.012,0.0,1800.0
Class08,46,100,100,100,0,0,0,0,0,0,0,0,149999999999,146999999999,146999999999,100000000000,100000000000,100000000000,0.31972789115183486,0.0,0,1,0,0,0,184931851,203520169,29411637,142,486.025,0.23,0.002,0.002,2.231,0.0,519.475
Class08,47,100,100,100,0,0,0,0,0,0,0,0,147000000000,147000000000,147000000000,100000000000,100000000000,100000000000,0.3197278911564626,0.0,0,1,0,0,0,257382176,285887022,42960558,0,827.783,0.0,0.001,0.002,7.367,0.0,873.409
Class08,48,100,100,100,0,0,0,0,0,0,0,0,152376964908,151501154730,151501154730,108269090366,108581986142,108581986142,0.28535798582556454,0.0,0,1,0,0,0,63819572,70547046,8511069,42,115.234,0.059,0.002,0.001,2.233,0.0,125.146
Class08,49,100,100,100,0,0,41,0,0,41,0,0,269093849395,261433204278,261433204278,230519952353,233374280221,233374280221,0.11824531627638164,0.0,0,1,0,0,0,85345881,88163380,3767395,899,77.002,2.164,0.001,0.003,6.232,0.0,90.832
Class08,50,100,100,100,0,0,0,0,0,0,0,0,158532563889,157410460748,157410460748,119634514976,120248236692,120248236692,0.23998370624475773,0.0,0,1,0,0,0,8109116,8666604,662281,18,6.105,0.024,0.001,0.0,0.403,0.0,7.351
Class09,1,100,100,20,0,0,0,0,0,0,0,0,300000000000,200000000000,200000000000,200000000000,200000000000,200000000000,0.0,0.0,1,1,0,0,0,0,0,0,0,0.0,0.0,0.0,0.0,0.0,0.0,0.0
Class09,2,100,100,20,0,0,0,0,0,0,0,0,700000000000,0,700000000000,700000000000,700000000000,700000000000,0.0,0.0,1,1,0,0,0,0,0,0,0,0.0,0.0,0.001,0.0,0.0,0.0,0.001
Class09,3,100,100,20,0,0,0,0,0,0,0,0,500000000000,500000000000,500000000000,400000000000,400000000000,400000000000,0.2,0.0,0,1,0,0,0,29,31,2,0,0.0,0.0,0.001,0.0,0.0,0.0,0.001
Class09,4,100,100,20,0,0,0,0,0,0,0,0,400000000000,400000000000,400000000000,300000000000,300000000000,300000000000,0.25,0.0,0,1,0,0,0,20,22,2,0,0.0,0.0,0.0,0.0,0.001,0.0,0.001
Class09,5,100,100,20,0,0,0,0,0,0,0,0,600000000000,500000000000,500000000000,500000000000,500000000000,500000000000,0.0,0.0,1,1,0,0,0,0,0,0,0,0.0,0.0,0.001,0.0,0.0,0.0,0.001
Class09,6,100,100,20,0,0,0,0,0,0,0,0,600000000000,500000000000,500000000000,500000000000,500000000000,500000000000,0.0,0.0,1,1,0,0,0,0,0,0,0,0.0,0.0,0.001,0.0,0.0,0.0,0.001
Class09,7,100,100,20,0,0,0,0,0,0,0,0,800000000000,800000000000,800000000000,700000000000,800000000000,800000000000,0.125,0.0,0,1,0,0,0,0,8,1,0,0.0,0.0,0.001,0.0,0.0,0.0,0.001
Class09,8,100,100,20,0,0,0,0,0,0,0,0,500000000000,500000000000,500000000000,400000000000,400000000000,400000000000,0.2,0.0,0,1,0,0,0,27,31,4,0,0.0,0.0,0.0,0.0,0.0,0.0,0.0
Class09,9,100,100,20,0,0,0,0,0,0,0,0,500000000000,0,500000000000,500000000000,500000000000,500000000000,0.0,0.0,1,1,0,0,0,0,0,0,0,0.0,0.0,0.0,0.0,0.001,0.0,0.001
Class09,10,100,100,20,0,0,0,0,0,0,0,0,700000000000,700000000000,700000000000,600000000000,600000000000,600000000000,0.14285714285714285,0.0,0,1,0,0,0,19,21,2,0,0.0,0.0,0.001,0.0,0.0,0.0,0.001
Class09,11,100,100,40,0,0,0,0,0,0,0,0,900000000000,900000000000,900000000000,800000000000,800000000000,800000000000,0.1111111111111111,0.0,0,1,0,0,0,105,108,3,0,0.0,0.0,0.0,0.0,0.005,0.0,0.005
Class09,12,100,100,40,0,0,0,0,0,0,0,0,600000000000,500000000000,500000000000,500000000000,500000000000,500000000000,0.0,0.0,1,1,0,0,0,0,0,0,0,0.0,0.0,0.001,0.0,0.001,0.0,0.002
Class09,13,100,100,40,0,0,0,0,0,0,0,0,800000000000,700000000000,700000000000,600000000000,700000000000,700000000000,0.14285714285714285,0.0,0,1,0,0,0,0,7,1,0,0.0,0.0,0.0,0.0,0.001,0.0,0.001
Class09,14,100,100,40,0,0,0,0,0,0,0,0,600000000000,0,600000000000,600000000000,600000000000,600000000000,0.0,0.0,1,1,0,0,0,0,0,0,0,0.0,0.0,0.001,0.0,0.001,0.0,0.002
Class09,15,100,100,40,0,0,0,0,0,0,0,0,1000000000000,1000000000000,1000000000000,900000000000,900000000000,900000000000,0.1,0.0,0,1,0,0,0,77,78,1,0,0.0,0.0,0.0,0.0,0.001,0.0,0.001
Class09,16,100,100,40,0,0,0,0,0,0,0,0,700000000000,0,700000000000,700000000000,700000000000,700000000000,0.0,0.0,1,1,0,0,0,0,0,0,0,0.0,0.0,0.0,0.0,0.001,0.0,0.001
Class09,17,100,100,40,0,0,0,0,0,0,0,0,1100000000000,1100000000000,1100000000000,1000000000000,1000000000000,1000000000000,0.09090909090909091,0.0,0,1,0,0,0,79,80,1,0,0.0,0.0,0.003,0.0,0.0,0.0,0.004
Class09,18,100,100,40,0,0,0,0,0,0,0,0,1100000000000,0,1100000000000,1100000000000,1100000000000,1100000000000,0.0,0.0,1,1,0,0,0,0,0,0,0,0.0,0.0,0.0,0.0,0.001,0.0,0.001
Class09,19,100,100,40,0,0,0,0,0,0,0,0,1200000000000,0,1200000000000,1200000000000,1200000000000,1200000000000,0.0,0.0,1,1,0,0,0,0,0,0,0,0.0,0.0,0.0,0.0,0.002,0.0,0.002
Class09,20,100,100,40,0,0,0,0,0,0,0,0,500000000000,500000000000,500000000000,400000000000,400000000000,400000000000,0.2,0.0,0,1,0,0,0,25,26,1,0,0.0,0.0,0.0,0.0,0.002,0.0,0.002
Class09,21,100,100,60,0,0,0,0,0,0,0,0,700000000000,700000000000,700000000000,500000000000,600000000000,600000000000,0.2857142857142857,0.0,0,1,0,0,0,150,155,6,2,0.002,0.002,0.0,0.0,0.004,0.0,0.006
Class09,22,100,100,60,0,0,0,0,0,0,0,0,800000000000,800000000000,800000000000,700000000000,800000000000,800000000000,0.125,0.0,0,1,0,0,0,0,8,1,0,0.0,0.0,0.0,0.0,0.004,0.0,0.004
Class09,23,100,100,60,0,0,0,0,0,0,0,0,800000000000,800000000000,800000000000,600000000000,700000000000,700000000000,0.25,0.0,0,1,0,0,0,181,183,3,1,0.001,0.001,0.001,0.0,0.003,0.0,0.005
Class09,24,100,100,60,0,0,0,0,0,0,0,0,1100000000000,1100000000000,1100000000000,900000000000,1000000000000,1000000000000,0.18181818181818182,0.0,0,1,0,0,0,169,178,10,6,0.079,0.06,0.001,0.001,0.001,0.0,0.082
Class09,25,100,100,60,0,0,0,0,0,0,0,0,1200000000000,1200000000000,1200000000000,1100000000000,1100000000000,1100000000000,0.08333333333333333,0.0,0,1,0,0,0,357,360,3,2,0.017,0.011,0.0,0.0,0.003,0.0,0.02
Class09,26,100,100,60,0,0,0,0,0,0,0,0,1300000000000,1300000000000,1300000000000,1200000000000,1300000000000,1300000000000,0.07692307692307693,0.0,0,1,0,0,0,0,13,1,0,0.002,0.0,0.0,0.0,0.002,0.0,0.004
Class09,27,100,100,60,0,0,0,0,0,0,0,0,1100000000000,1000000000000,1000000000000,900000000000,1000000000000,1000000000000,0.1,0.0,0,1,0,0,0,0,12,2,0,0.0,0.0,0.001,0.0,0.0,0.0,0.002
Class09,28,100,100,60,0,0,0,0,0,0,0,0,1000000000000,0,1000000000000,1000000000000,1000000000000,1000000000000,0.0,0.0,1,1,0,0,0,0,0,0,0,0.0,0.0,0.0,0.0,0.002,0.0,0.002
Class09,29,100,100,60,0,0,0,0,0,0,0,0,800000000000,800000000000,800000000000,700000000000,700000000000,700000000000,0.125,0.0,0,1,0,0,0,139,148,9,1,0.002,0.001,0.001,0.0,0.003,0.0,0.006
Class09,30,100,100,60,0,0,0,0,0,0,0,0,900000000000,900000000000,900000000000,800000000000,800000000000,800000000000,0.1111111111111111,0.0,0,1,0,0,0,140,149,9,1,0.003,0.002,0.001,0.0,0.002,0.0,0.006
Class09,31,100,100,80,0,0,0,0,0,0,0,0,1200000000000,1200000000000,1200000000000,1000000000000,1100000000000,1100000000000,0.16666666666666666,0.0,0,1,0,0,0,368,370,3,1,0.021,0.013,0.001,0.002,0.01,0.0,0.037
Class09,32,100,100,80,0,0,0,0,0,0,0,0,1200000000000,1200000000000,1200000000000,1100000000000,1100000000000,1100000000000,0.08333333333333333,0.0,0,1,0,0,0,495,507,12,3,0.042,0.02,0.001,0.0,0.002,0.0,0.045
Class09,33,100,100,80,0,0,0,0,0,0,0,0,1500000000000,1500000000000,1500000000000,1200000000000,1400000000000,1400000000000,0.2,0.0,0,1,0,0,0,258,264,7,6,8.356,8.286,0.001,0.0,0.006,0.0,8.363
Class09,34,100,100,80,0,0,0,0,0,0,0,0,1600000000000,1600000000000,1600000000000,1400000000000,1500000000000,1500000000000,0.125,0.0,0,1,0,0,0,264,265,2,1,0.314,0.304,0.0,0.0,0.005,0.0,0.319
Class09,35,100,100,80,0,0,0,0,0,0,0,0,900000000000,0,900000000000,900000000000,900000000000,900000000000,0.0,0.0,1,1,0,0,0,0,0,0,0,0.0,0.0,0.001,0.0,0.005,0.0,0.006
Class09,36,100,100,80,0,0,0,0,0,0,0,0,1200000000000,1200000000000,1200000000000,1100000000000,1200000000000,1200000000000,0.08333333333333333,0.0,0,1,0,0,0,0,12,1,0,0.0,0.0,0.0,0.0,0.006,0.0,0.006
Class09,37,100,100,80,0,0,0,0,0,0,0,0,1400000000000,1400000000000,1400000000000,1300000000000,1400000000000,1400000000000,0.07142857142857142,0.0,0,1,0,0,0,0,14,1,0,0.0,0.0,0.001,0.0,0.006,0.0,0.007
Class09,38,100,100,80,0,0,0,0,0,0,0,0,1300000000000,1300000000000,1300000000000,1200000000000,1300000000000,1300000000000,0.07692307692307693,0.0,0,1,0,0,0,0,13,1,1,0.042,0.036,0.003,0.0,0.005,0.0,0.05
Class09,39,100,100,80,0,0,0,0,0,0,0,0,1600000000000,1600000000000,1600000000000,1400000000000,1600000000000,1600000000000,0.125,0.0,0,1,0,0,0,0,16,2,0,0.002,0.0,0.001,0.001,0.005,0.0,0.009
Class09,40,100,100,80,0,0,0,0,0,0,0,0,900000000000,900000000000,900000000000,800000000000,800000000000,800000000000,0.1111111111111111,0.0,0,1,0,0,0,226,237,11,0,0.0,0.0,0.001,0.0,0.005,0.0,0.006
Class09,41,100,100,100,0,0,0,0,0,0,0,0,1500000000000,1500000000000,1500000000000,1300000000000,1500000000000,1500000000000,0.13333333333333333,0.0,0,1,0,0,0,0,15,2,0,0.003,0.0,0.0,0.0,0.013,0.0,0.016
Class09,42,100,100,100,0,0,0,0,0,0,0,0,1900000000000,1900000000000,1900000000000,1700000000000,1900000000000,1800000000000,0.10526315789473684,0.05263157894736842,0,0,0,0,0,0,20,2,1,1799.989,1799.96,0.0,0.0,0.01,0.0,1800.0
Class09,43,100,100,100,0,0,0,0,0,0,0,0,1700000000000,1700000000000,1700000000000,1400000000000,1600000000000,1600000000000,0.17647058823529413,0.0,0,1,0,0,0,964,997,34,24,12.709,12.375,0.002,0.001,0.007,0.0,12.719
Class09,44,100,100,100,0,0,0,0,0,0,0,0,1100000000000,1100000000000,1100000000000,1000000000000,1100000000000,1100000000000,0.09090909090909091,0.0,0,1,0,0,0,0,13,2,1,0.007,0.004,0.0,0.0,0.011,0.0,0.018
Class09,45,100,100,100,0,0,0,0,0,0,0,0,1800000000000,1800000000000,1800000000000,1700000000000,1800000000000,1800000000000,0.05555555555555555,0.0,0,1,0,0,0,0,18,1,0,0.004,0.0,0.001,0.0,0.008,0.0,0.013
Class09,46,100,100,100,0,0,0,0,0,0,0,0,1300000000000,1300000000000,1300000000000,1100000000000,1300000000000,1300000000000,0.15384615384615385,0.0,0,1,0,0,0,0,13,2,0,0.0,0.0,0.001,0.0,0.009,0.0,0.01
Class09,47,100,100,100,0,0,0,0,0,0,0,0,1700000000000,1700000000000,1700000000000,1600000000000,1700000000000,1700000000000,0.058823529411764705,0.0,0,1,0,0,0,0,17,1,0,0.001,0.0,0.0,0.002,0.012,0.0,0.015
Class09,48,100,100,100,0,0,0,0,0,0,0,0,1200000000000,1200000000000,1200000000000,1100000000000,1100000000000,1100000000000,0.08333333333333333,0.0,0,1,0,0,0,418,438,20,7,0.066,0.033,0.001,0.001,0.006,0.0,0.074
Class09,49,100,100,100,0,0,0,0,0,0,0,0,1600000000000,1600000000000,1600000000000,1400000000000,1500000000000,1500000000000,0.125,0.0,0,1,0,0,0,1303,1326,24,23,14.267,13.989,0.001,0.0,0.01,0.0,14.278
Class09,50,100,100,100,0,0,0,0,0,0,0,0,1100000000000,1100000000000,1100000000000,900000000000,1000000000000,1000000000000,0.18181818181818182,0.0,0,1,0,0,0,406,410,5,4,0.02,0.013,0.001,0.0,0.009,0.0,0.03
Class10,1,100,100,20,0,0,0,0,0,0,0,0,1400000000000,0,1400000000000,1400000000000,1400000000000,1400000000000,0.0,0.0,1,1,0,0,0,0,0,0,0,0.0,0.0,0.001,0.0,0.0,0.0,0.001
Class10,2,100,100,20,0,0,0,0,0,0,0,0,1600000000000,1600000000000,1600000000000,1500000000000,1600000000000,1600000000000,0.0625,0.0,0,1,0,0,0,0,16,1,0,0.001,0.0,0.0,0.0,0.001,0.0,0.003
Class10,3,100,100,20,0,0,0,0,0,0,0,0,1400000000000,0,1400000000000,1400000000000,1400000000000,1400000000000,0.0,0.0,1,1,0,0,0,0,0,0,0,0.0,0.0,0.001,0.0,0.001,0.0,0.002
Class10,4,100,100,20,0,0,0,0,0,0,0,0,1500000000000,0,1500000000000,1500000000000,1500000000000,1500000000000,0.0,0.0,1,1,0,0,0,0,0,0,0,0.0,0.0,0.001,0.0,0.001,0.0,0.002
Class10,5,100,100,20,0,0,0,0,0,0,0,0,1600000000000,0,1600000000000,1600000000000,1600000000000,1600000000000,0.0,0.0,1,1,0,0,0,0,0,0,0,0.0,0.0,0.001,0.0,0.0,0.0,0.001
Class10,6,100,100,20,0,0,0,0,0,0,0,0,1400000000000,1400000000000,1400000000000,1300000000000,1400000000000,1400000000000,0.07142857142857142,0.0,0,1,0,0,0,0,14,1,0,0.003,0.0,0.0,0.0,0.001,0.0,0.004
Class10,7,100,100,20,0,0,0,0,0,0,0,0,1200000000000,1200000000000,1200000000000,1100000000000,1200000000000,1200000000000,0.08333333333333333,0.0,0,1,0,0,0,0,12,1,0,0.004,0.0,0.001,0.0,0.0,0.0,0.005
Class10,8,100,100,20,0,0,0,0,0,0,0,0,1600000000000,0,1600000000000,1600000000000,1600000000000,1600000000000,0.0,0.0,1,1,0,0,0,0,0,0,0,0.0,0.0,0.0,0.0,0.0,0.0,0.0
Class10,9,100,100,20,0,0,0,0,0,0,0,0,133333333331,123809523803,123809523803,104761904758,114285714281,114285714281,0.1538461538331065,0.0,0,1,0,0,0,556,590,56,7,0.017,0.01,0.0,0.0,0.001,0.0,0.02
Class10,10,100,100,20,0,0,0,0,0,0,0,0,119402985069,119402985069,119402985069,101492537309,107462686561,107462686561,0.14999999999706876,0.0,0,1,0,0,0,25084,28804,5414,1366,7.443,3.997,0.001,0.0,0.002,0.0,7.457
Class10,11,100,100,40,0,0,0,0,0,0,0,0,2400000000000,2400000000000,2400000000000,2300000000000,2400000000000,2300000000000,0.041666666666666664,0.041666666666666664,0,0,0,0,0,0,25,1,1,1799.995,1799.934,0.002,0.001,0.002,0.0,1800.0
Class10,12,100,100,40,0,0,0,0,0,0,0,0,129274611398,122797927460,122797927460,100000000000,103367875646,103367875646,0.18565400843125923,0.0,0,1,0,0,0,20155,25203,5781,67,0.161,0.085,0.001,0.0,0.003,0.0,0.168
Class10,13,100,100,40,0,0,26,0,0,26,0,0,187252738540,175364776259,175364776259,168744329773,169009765661,169009765661,0.037752430261263646,0.0,0,1,0,0,0,43748,44081,519,35,0.182,0.083,0.002,0.001,0.02,0.0,0.21
Class10,14,100,100,40,0,0,39,0,0,39,0,0,172250965539,145589673375,145589673375,137145981914,139451843918,139451843918,0.057996499787806466,0.0,0,1,0,0,0,504800,511963,16154,5443,95.522,67.462,0.0,0.115,1.339,0.0,97.123
Class10,15,100,100,40,0,0,27,0,0,27,0,0,358459509724,306368983736,306368983736,291573798109,293709486386,293709486386,0.04829204786522744,0.0,0,1,0,0,0,40303,40502,316,159,1.834,0.93,0.0,0.007,0.053,0.0,1.896
Class10,16,100,100,40,0,0,0,0,0,0,0,0,113062098499,111349036399,111349036399,102676659525,103104925048,103104925048,0.07788461539015065,0.0,0,1,0,0,0,557541,630673,82994,4894,31.101,16.28,0.001,0.0,0.003,0.0,31.176
Class10,17,100,100,40,0,1,20,0,1,20,0,0,223555753336,166057074510,166057074510,154329263198,156601674403,156601674403,0.07062518321851893,0.0,0,1,0,0,0,51623,51839,658,85,1.83,1.304,0.001,0.009,0.15,0.0,1.998
Class10,18,100,100,40,0,0,33,0,0,33,0,0,241109548754,0,241109548754,189160168728,192905534956,192905534956,0.21545965431258418,0.0,0,1,0,0,0,35057,35167,112,83,7.61,6.81,0.001,0.96,6.941,0.0,15.513
Class10,19,100,100,40,0,0,0,0,0,0,0,0,2100000000000,2100000000000,2100000000000,1900000000000,2100000000000,2000000000000,0.09523809523809523,0.047619047619047616,0,0,0,0,0,0,22,2,1,1799.994,1799.964,0.0,0.0,0.006,0.0,1800.0
Class10,20,100,100,40,0,0,0,0,0,0,0,0,2200000000000,2200000000000,2200000000000,2100000000000,2200000000000,2200000000000,0.045454545454545456,0.0,0,1,0,0,0,0,22,1,0,0.001,0.0,0.0,0.0,0.003,0.0,0.004
Class10,21,100,100,60,0,0,0,0,0,0,0,0,122483029502,119977395922,119977395922,110152647252,113427563474,111863649993,0.08188833066844767,0.013787772857859915,0,0,0,0,0,4670186,4928090,402307,117354,1798.527,1475.996,0.001,0.0,0.956,0.0,1800.0
Class10,22,100,100,60,0,0,38,0,0,38,0,0,142262596058,125319544813,125319544813,114166125861,114694693473,114694693473,0.08899983612805942,0.0,0,1,0,0,0,5415770,5629927,247801,20851,59.948,30.178,0.001,0.0,0.646,0.0,60.833
Class10,23,100,100,60,0,0,18,0,0,18,0,0,123105813729,119856095732,119856095732,108810086587,109589210360,109589210360,0.09216059540016254,0.0,0,1,0,0,0,7033940,7413374,400688,1178,6.986,1.483,0.0,0.0,3.4,0.0,10.596
Class10,24,100,100,60,0,0,0,0,0,0,0,0,108005517667,106487990150,106487990150,99999999999,103243995074,99999999999,0.060926965959832234,0.03142066589611212,0,0,0,0,0,31074084,36115754,5410255,200285,1798.317,644.898,0.001,0.0,0.143,0.0,1800.004
Class10,25,100,100,60,0,3,36,0,3,36,0,0,298137106501,164958000727,164958000727,157904856241,162606952563,157904856241,0.04275721368418328,0.028916945111422787,0,0,0,0,0,186368,186392,41,10,1795.666,1795.451,0.001,0.05,4.269,0.0,1800.0
Class10,26,100,100,60,0,0,0,0,0,0,0,0,136946651530,130760499429,130760499429,119182746875,120828603855,120828603855,0.088541666669654,0.0,0,1,0,0,0,562307,585230,32215,290,1.025,0.406,0.0,0.0,0.028,0.0,1.09
Class10,27,100,100,60,0,2,59,0,2,59,0,0,588128870684,0,588128870684,264517797634,318452976474,264517797634,0.5502383732219045,0.16936622617626412,0,0,0,0,0,11320,11381,20,11,1793.782,1793.491,0.0,0.625,5.593,0.0,1800.0
Class10,28,100,100,60,0,1,47,0,1,47,0,0,163115508363,145254986037,145254986037,138602817282,141928901658,138602817282,0.04579649164886863,0.023434863069783513,0,0,0,0,0,334249,335365,1961,1085,1788.35,944.997,0.0,0.373,11.218,0.0,1800.0
Class10,29,100,100,60,0,0,0,0,0,0,0,0,108533933378,107111487299,107111487299,99999999997,102370495763,101397892243,0.06639332046756477,0.009500818695375805,0,0,0,0,0,61694970,69199698,8809569,183604,1794.399,775.782,0.001,0.001,0.308,0.0,1800.006
Class10,30,100,100,60,0,5,37,0,5,37,0,0,204638035879,143262512330,143262512330,129198510168,133983311721,133983311721,0.09816945084422421,0.0,0,1,0,0,0,1848492,1879155,44899,20450,189.062,93.435,0.0,0.004,3.087,0.0,192.377
Class10,31,100,100,80,0,0,0,0,0,0,0,0,118775144763,116385032403,116385032403,100753194791,102507394164,102507394164,0.1343114083422042,0.0,0,1,0,0,0,64879164,76501962,12085714,232976,1701.075,735.206,0.001,0.0,0.217,0.0,1708.404
Class10,32,100,100,80,0,0,0,0,0,0,0,0,113609051838,113324086772,113324086772,108427613211,113324086772,108427613211,0.04320770367954834,0.04320770367954834,0,0,0,0,0,1525,1661,20,5,1357.244,1357.103,0.001,0.054,5.579,0.0,1800.0
Class10,33,100,100,80,0,0,55,0,0,55,0,0,473240143102,0,473240143102,276276080389,309103424172,276330988832,0.416203201659812,0.10602417436101853,0,0,0,0,0,65653,66036,350,146,1793.905,1525.834,0.0,0.434,5.657,0.0,1800.0
Class10,34,100,100,80,0,0,0,0,0,0,0,0,120758247615,118682876485,118682876485,100388990323,102448484295,102448484295,0.1541409064542863,0.0,0,1,0,0,0,39532617,47581125,8259408,589134,1641.826,776.569,0.0,0.0,0.015,0.0,1643.992
Class10,35,100,100,80,0,14,34,0,14,34,0,0,491083388500,142955656300,142955656300,129276656232,135371000299,135371000299,0.09568701527481988,0.0,0,1,0,0,0,45241,45953,1152,259,2.23,1.32,0.001,0.001,0.405,0.0,2.637
Class10,36,100,100,80,0,2,42,0,2,42,0,0,329089415097,229440407501,229440407501,224394049653,229440407501,224394049653,0.021994198419378268,0.021994198419378268,0,0,0,0,0,2002,2040,1,1,1793.329,1793.308,0.001,0.106,6.564,0.0,1800.0
Class10,37,100,100,80,0,36,7,0,36,7,0,0,586500283598,110493477026,110493477026,100000000000,101701644920,101701644920,0.09496919916395427,0.0,0,1,0,0,0,41463,42755,2017,306,1.116,0.71,0.0,0.0,0.017,0.0,1.135
Class10,38,100,100,80,0,0,38,0,0,38,0,0,248424272207,0,248424272207,195756805881,204534716932,195756805881,0.2120061210529168,0.042916484705715366,0,0,0,0,0,572,634,7,1,1790.698,1790.677,0.001,0.709,8.59,0.0,1800.0
Class10,39,100,100,80,0,19,21,0,19,21,0,0,345027093014,111904498884,111904498884,100798769553,102435397383,102435397383,0.09924292089911577,0.0,0,1,0,0,0,26763727,28021103,1520775,30644,99.718,42.239,0.001,0.0,0.855,0.0,101.596
Class10,40,100,100,80,0,0,0,0,0,0,0,0,124756453967,121833901604,121833901604,100000000000,100340964439,100340964439,0.17921039477966746,0.0,0,1,0,0,0,9132848,10471766,1481344,403,11.991,0.288,0.0,0.0,0.021,0.0,12.418
Class10,41,100,100,100,0,3,31,0,3,31,0,0,162555617526,117818398754,117818398754,111587349949,115741382484,111587349949,0.052886890934667814,0.0358906421009292,0,0,0,0,0,4263128,4303262,43288,27804,1796.17,1517.802,0.001,0.006,3.647,0.0,1800.0
Class10,42,100,100,100,0,0,0,0,0,0,0,0,112485844536,112485844536,112485844536,107528251933,111659579102,107528251933,0.04407303535346948,0.036999308095421624,0,0,0,0,0,73002,73422,413,87,1796.414,1794.237,0.001,0.001,3.585,0.0,1800.001
Class10,43,100,100,100,0,0,0,0,0,0,0,0,111500434514,110957428847,110957428847,100125774763,101492842924,101492842924,0.09761990879345128,0.0,0,1,0,0,0,234844477,258189879,24596063,181480,662.433,229.359,0.001,0.0,0.112,0.0,669.931
Class10,44,100,100,100,0,2,8,0,2,8,0,0,218652056985,115372861001,115372861001,102583695591,103595763582,103595763582,0.1108507260636377,0.0,0,1,0,0,0,37109976,43779052,6821952,172313,550.566,242.91,0.001,0.0,0.214,0.0,552.698
Class10,45,100,100,100,0,0,0,0,0,0,0,0,124579383174,114253370133,114253370133,100594793020,101477843725,101477843725,0.11954638272026752,0.0,0,1,0,0,0,32079378,37046156,5135236,28327,99.523,30.175,0.002,0.0,0.052,0.0,100.758
Class10,46,100,100,100,0,1,65,0,1,65,0,0,165648087359,159173577418,159173577418,148030849512,155459334782,148030849512,0.07000362803141934,0.047784105601744245,0,0,0,0,0,86885695,88206761,1530502,209316,1790.796,807.793,0.001,0.003,5.945,0.0,1800.0
Class10,47,100,100,100,0,0,0,0,0,0,0,0,111870191946,111177349687,111177349687,107471413810,110559693707,107471413810,0.03333355119035848,0.027933144471116313,0,0,0,0,0,723030,738585,16783,0,1795.386,0.0,0.001,0.0,4.583,0.0,1800.01
Class10,48,100,100,100,0,2,30,0,2,30,0,0,277496487936,228064249980,228064249980,219768703951,226681658975,219768703951,0.036373723763051306,0.030496313884672988,0,0,0,0,0,67890,68309,389,83,1795.854,1177.22,0.015,0.047,4.082,0.0,1800.0
Class10,49,100,100,100,0,4,27,0,4,27,0,0,373614755070,232305459869,232305459869,224565738212,229725552649,224565738212,0.033317002800384146,0.022460777120792186,0,0,0,0,0,7846,7910,135,0,1800.645,0.0,0.015,0.019,0.042,0.0,1800.723
Class10,50,100,100,100,0,1,43,0,1,43,0,0,608134284813,0,608134284813,324863938069,372075662523,324863938069,0.46580229698956216,0.12688742965305233,0,0,0,0,0,136673,136708,1,1,1791.456,1791.401,0.025,0.868,7.55,0.0,1800.0
